NSIC_RC_222,NSIC_RC_192,NSIC_RC_11,NSIC_RC_120,NSIC_RC_396,NSIC_RC_350,NSIC_RC_410,NSIC_RC_100,NSIC_RC_102,NSIC_RC_242,NSIC_RC_56,NSIC_RC_12,NSIC_RC_42,NSIC_RC_442,NSIC_RC_510,Land_area,Max_rain,Max_Temp,Humidity,Seeds_qty,Tot_yield
1,0,0,0,0,0,0,0,0,0,0,0,0,0,0,35,9.3,34.6,85,2800,280
0,1,0,0,0,0,0,0,0,0,0,0,0,0,0,142,9.3,34.6,85,8520,568
0,0,1,0,0,0,0,0,0,0,0,0,0,0,0,194,9.3,34.6,85,11640,853.6
0,0,0,1,0,0,0,0,0,0,0,0,0,0,0,86,9.3,34.6,85,6880,430
0,0,0,0,1,0,0,0,0,0,0,0,0,0,0,45,9.3,34.6,85,2700,270
0,0,0,0,0,1,0,0,0,0,0,0,0,0,0,79,9.3,34.6,85,6320,616.2
0,0,0,0,0,0,1,0,0,0,0,0,0,0,0,64,9.3,34.6,85,5120,544
0,0,0,0,0,0,0,1,0,0,0,0,0,0,0,87,9.3,34.6,85,6960,374.1
0,0,0,0,0,0,0,0,1,0,0,0,0,0,0,10,9.3,34.6,85,600,40
0,0,0,0,0,0,0,0,0,1,0,0,0,0,0,22,9.3,34.6,85,1760,107.8
0,0,0,0,0,0,0,0,0,0,1,0,0,0,0,73,9.3,34.6,85,4380,430.7
0,0,0,0,0,0,0,0,0,0,0,1,0,0,0,141,9.3,34.6,85,7050,662.7
0,0,0,0,0,0,0,0,0,0,0,0,1,0,0,49,9.3,34.6,85,3430,176.4
0,0,0,0,0,0,0,0,0,0,0,0,0,1,0,129,9.3,34.6,85,6450,941.7
0,0,0,0,0,0,0,0,0,0,0,0,0,0,1,33,9.3,34.6,85,2640,237.6
1,0,0,0,0,0,0,0,0,0,0,0,0,0,0,54,16.6,35.2,88,4320,324
0,1,0,0,0,0,0,0,0,0,0,0,0,0,0,86,16.6,35.2,88,5160,369.8
0,0,1,0,0,0,0,0,0,0,0,0,0,0,0,79,16.6,35.2,88,4740,355.5
0,0,0,1,0,0,0,0,0,0,0,0,0,0,0,142,16.6,35.2,88,11360,795.2
0,0,0,0,1,0,0,0,0,0,0,0,0,0,0,94,16.6,35.2,88,5640,629.8
0,0,0,0,0,1,0,0,0,0,0,0,0,0,0,135,16.6,35.2,88,10800,1012.5
0,0,0,0,0,0,1,0,0,0,0,0,0,0,0,117,16.6,35.2,88,9360,947.7
0,0,0,0,0,0,0,1,0,0,0,0,0,0,0,78,16.6,35.2,88,6240,382.2
0,0,0,0,0,0,0,0,1,0,0,0,0,0,0,108,16.6,35.2,88,6480,496.8
0,0,0,0,0,0,0,0,0,1,0,0,0,0,0,122,16.6,35.2,88,9760,549
0,0,0,0,0,0,0,0,0,0,1,0,0,0,0,95,16.6,35.2,88,5700,503.5
0,0,0,0,0,0,0,0,0,0,0,1,0,0,0,101,16.6,35.2,88,5050,464.6
0,0,0,0,0,0,0,0,0,0,0,0,1,0,0,32,16.6,35.2,88,2240,124.8
0,0,0,0,0,0,0,0,0,0,0,0,0,1,0,129,16.6,35.2,88,6450,1006.2
0,0,0,0,0,0,0,0,0,0,0,0,0,0,1,133,16.6,35.2,88,10640,1024.1
1,0,0,0,0,0,0,0,0,0,0,0,0,0,0,84,1,37,81,6720,504
0,1,0,0,0,0,0,0,0,0,0,0,0,0,0,80,1,37,81,4800,320
0,0,1,0,0,0,0,0,0,0,0,0,0,0,0,112,1,37,81,6720,492.8
0,0,0,1,0,0,0,0,0,0,0,0,0,0,0,97,1,37,81,7760,582
0,0,0,0,1,0,0,0,0,0,0,0,0,0,0,121,1,37,81,7260,847
0,0,0,0,0,1,0,0,0,0,0,0,0,0,0,85,1,37,81,6800,578
0,0,0,0,0,0,1,0,0,0,0,0,0,0,0,73,1,37,81,5840,474.5
0,0,0,0,0,0,0,1,0,0,0,0,0,0,0,64,1,37,81,5120,288
0,0,0,0,0,0,0,0,1,0,0,0,0,0,0,93,1,37,81,5580,399.9
0,0,0,0,0,0,0,0,0,1,0,0,0,0,0,134,1,37,81,10720,589.6
0,0,0,0,0,0,0,0,0,0,1,0,0,0,0,122,1,37,81,7320,841.8
0,0,0,0,0,0,0,0,0,0,0,1,0,0,0,78,1,37,81,3900,444.6
0,0,0,0,0,0,0,0,0,0,0,0,1,0,0,56,1,37,81,3920,257.6
0,0,0,0,0,0,0,0,0,0,0,0,0,1,0,119,1,37,81,5950,904.4
0,0,0,0,0,0,0,0,0,0,0,0,0,0,1,98,1,37,81,7840,607.6
1,0,0,0,0,0,0,0,0,0,0,0,0,0,0,73,15.8,36,87,5840,496.4
0,1,0,0,0,0,0,0,0,0,0,0,0,0,0,56,15.8,36,87,3360,296.8
0,0,1,0,0,0,0,0,0,0,0,0,0,0,0,81,15.8,36,87,4860,356.4
0,0,0,1,0,0,0,0,0,0,0,0,0,0,0,62,15.8,36,87,4960,328.6
0,0,0,0,1,0,0,0,0,0,0,0,0,0,0,52,15.8,36,87,3120,306.8
0,0,0,0,0,1,0,0,0,0,0,0,0,0,0,91,15.8,36,87,7280,664.3
0,0,0,0,0,0,1,0,0,0,0,0,0,0,0,112,15.8,36,87,8960,918.4
0,0,0,0,0,0,0,1,0,0,0,0,0,0,0,57,15.8,36,87,4560,285
0,0,0,0,0,0,0,0,1,0,0,0,0,0,0,83,15.8,36,87,4980,498
0,0,0,0,0,0,0,0,0,1,0,0,0,0,0,46,15.8,36,87,3680,197.8
0,0,0,0,0,0,0,0,0,0,1,0,0,0,0,97,15.8,36,87,5820,523.8
0,0,0,0,0,0,0,0,0,0,0,1,0,0,0,57,15.8,36,87,2850,324.9
0,0,0,0,0,0,0,0,0,0,0,0,1,0,0,68,15.8,36,87,4760,312.8
0,0,0,0,0,0,0,0,0,0,0,0,0,1,0,68,15.8,36,87,3400,564.4
0,0,0,0,0,0,0,0,0,0,0,0,0,0,1,119,15.8,36,87,9520,618.8
1,0,0,0,0,0,0,0,0,0,0,0,0,0,0,87,24.8,37,87,6960,626.4
0,1,0,0,0,0,0,0,0,0,0,0,0,0,0,87,24.8,37,87,5220,348
0,0,1,0,0,0,0,0,0,0,0,0,0,0,0,62,24.8,37,87,3720,272.8
0,0,0,1,0,0,0,0,0,0,0,0,0,0,0,91,24.8,37,87,7280,546
0,0,0,0,1,0,0,0,0,0,0,0,0,0,0,92,24.8,37,87,5520,644
0,0,0,0,0,1,0,0,0,0,0,0,0,0,0,73,24.8,37,87,5840,496.4
0,0,0,0,0,0,1,0,0,0,0,0,0,0,0,73,24.8,37,87,5840,474.5
0,0,0,0,0,0,0,1,0,0,0,0,0,0,0,81,24.8,37,87,6480,364.5
0,0,0,0,0,0,0,0,1,0,0,0,0,0,0,81,24.8,37,87,4860,348.3
0,0,0,0,0,0,0,0,0,1,0,0,0,0,0,81,24.8,37,87,6480,356.4
0,0,0,0,0,0,0,0,0,0,1,0,0,0,0,114,24.8,37,87,6840,786.6
0,0,0,0,0,0,0,0,0,0,0,1,0,0,0,91,24.8,37,87,4550,518.7
0,0,0,0,0,0,0,0,0,0,0,0,1,0,0,91,24.8,37,87,6370,418.6
0,0,0,0,0,0,0,0,0,0,0,0,0,1,0,63,24.8,37,87,3150,478.8
0,0,0,0,0,0,0,0,0,0,0,0,0,0,1,59,24.8,37,87,4720,365.8
1,0,0,0,0,0,0,0,0,0,0,0,0,0,0,94,71.6,35.2,94,7520,752
0,1,0,0,0,0,0,0,0,0,0,0,0,0,0,82,71.6,35.2,94,4920,434.6
0,0,1,0,0,0,0,0,0,0,0,0,0,0,0,82,71.6,35.2,94,4920,360.8
0,0,0,1,0,0,0,0,0,0,0,0,0,0,0,82,71.6,35.2,94,6560,434.6
0,0,0,0,1,0,0,0,0,0,0,0,0,0,0,84,71.6,35.2,94,5040,495.6
0,0,0,0,0,1,0,0,0,0,0,0,0,0,0,86,71.6,35.2,94,6880,627.8
0,0,0,0,0,0,1,0,0,0,0,0,0,0,0,94,71.6,35.2,94,7520,770.8
0,0,0,0,0,0,0,1,0,0,0,0,0,0,0,86,71.6,35.2,94,6880,430
0,0,0,0,0,0,0,0,1,0,0,0,0,0,0,94,71.6,35.2,94,5640,564
0,0,0,0,0,0,0,0,0,1,0,0,0,0,0,91,71.6,35.2,94,7280,391.3
0,0,0,0,0,0,0,0,0,0,1,0,0,0,0,88,71.6,35.2,94,5280,475.2
0,0,0,0,0,0,0,0,0,0,0,1,0,0,0,88,71.6,35.2,94,4400,501.6
0,0,0,0,0,0,0,0,0,0,0,0,1,0,0,89,71.6,35.2,94,6230,409.4
0,0,0,0,0,0,0,0,0,0,0,0,0,1,0,88,71.6,35.2,94,4400,730.4
0,0,0,0,0,0,0,0,0,0,0,0,0,0,1,92,71.6,35.2,94,7360,478.4
1,0,0,0,0,0,0,0,0,0,0,0,0,0,0,116,10.13,32,81,9280,858.4
0,1,0,0,0,0,0,0,0,0,0,0,0,0,0,97,10.13,32,81,5820,388
0,0,1,0,0,0,0,0,0,0,0,0,0,0,0,67,10.13,32,81,4020,294.8
0,0,0,1,0,0,0,0,0,0,0,0,0,0,0,98,10.13,32,81,7840,490
0,0,0,0,1,0,0,0,0,0,0,0,0,0,0,128,10.13,32,81,7680,768
0,0,0,0,0,1,0,0,0,0,0,0,0,0,0,165,10.13,32,81,13200,1287
0,0,0,0,0,0,1,0,0,0,0,0,0,0,0,79,10.13,32,81,6320,671.5
0,0,0,0,0,0,0,1,0,0,0,0,0,0,0,79,10.13,32,81,6320,339.7
0,0,0,0,0,0,0,0,1,0,0,0,0,0,0,85,10.13,32,81,5100,340
0,0,0,0,0,0,0,0,0,1,0,0,0,0,0,98,10.13,32,81,7840,480.2
0,0,0,0,0,0,0,0,0,0,1,0,0,0,0,73,10.13,32,81,4380,430.7
0,0,0,0,0,0,0,0,0,0,0,1,0,0,0,132,10.13,32,81,6600,620.4
0,0,0,0,0,0,0,0,0,0,0,0,1,0,0,122,10.13,32,81,8540,439.2
0,0,0,0,0,0,0,0,0,0,0,0,0,1,0,98,10.13,32,81,4900,715.4
0,0,0,0,0,0,0,0,0,0,0,0,0,0,1,68,10.13,32,81,5440,489.6
1,0,0,0,0,0,0,0,0,0,0,0,0,0,0,88,31.8,35.1,94,7040,668.8
0,1,0,0,0,0,0,0,0,0,0,0,0,0,0,96,31.8,35.1,94,5760,508.8
0,0,1,0,0,0,0,0,0,0,0,0,0,0,0,91,31.8,35.1,94,5460,400.4
0,0,0,1,0,0,0,0,0,0,0,0,0,0,0,89,31.8,35.1,94,7120,471.7
0,0,0,0,1,0,0,0,0,0,0,0,0,0,0,84,31.8,35.1,94,5040,495.6
0,0,0,0,0,1,0,0,0,0,0,0,0,0,0,90,31.8,35.1,94,7200,657
0,0,0,0,0,0,1,0,0,0,0,0,0,0,0,92,31.8,35.1,94,7360,754.4
0,0,0,0,0,0,0,1,0,0,0,0,0,0,0,93,31.8,35.1,94,7440,465
0,0,0,0,0,0,0,0,1,0,0,0,0,0,0,90,31.8,35.1,94,5400,540
0,0,0,0,0,0,0,0,0,1,0,0,0,0,0,91,31.8,35.1,94,7280,391.3
0,0,0,0,0,0,0,0,0,0,1,0,0,0,0,87,31.8,35.1,94,5220,469.8
0,0,0,0,0,0,0,0,0,0,0,1,0,0,0,92,31.8,35.1,94,4600,524.4
0,0,0,0,0,0,0,0,0,0,0,0,1,0,0,85,31.8,35.1,94,5950,391
0,0,0,0,0,0,0,0,0,0,0,0,0,1,0,87,31.8,35.1,94,4350,722.1
0,0,0,0,0,0,0,0,0,0,0,0,0,0,1,94,31.8,35.1,94,7520,488.8
1,0,0,0,0,0,0,0,0,0,0,0,0,0,0,93,94.2,34.6,93,7440,818.4
0,1,0,0,0,0,0,0,0,0,0,0,0,0,0,90,94.2,34.6,93,5400,360
0,0,1,0,0,0,0,0,0,0,0,0,0,0,0,88,94.2,34.6,93,5280,387.2
0,0,0,1,0,0,0,0,0,0,0,0,0,0,0,92,94.2,34.6,93,7360,460
0,0,0,0,1,0,0,0,0,0,0,0,0,0,0,90,94.2,34.6,93,5400,540
0,0,0,0,0,1,0,0,0,0,0,0,0,0,0,91,94.2,34.6,93,7280,709.8
0,0,0,0,0,0,1,0,0,0,0,0,0,0,0,93,94.2,34.6,93,7440,790.5
0,0,0,0,0,0,0,1,0,0,0,0,0,0,0,93,94.2,34.6,93,7440,399.9
0,0,0,0,0,0,0,0,1,0,0,0,0,0,0,86,94.2,34.6,93,5160,344
0,0,0,0,0,0,0,0,0,1,0,0,0,0,0,90,94.2,34.6,93,7200,441
0,0,0,0,0,0,0,0,0,0,1,0,0,0,0,86,94.2,34.6,93,5160,507.4
0,0,0,0,0,0,0,0,0,0,0,1,0,0,0,91,94.2,34.6,93,4550,427.7
0,0,0,0,0,0,0,0,0,0,0,0,1,0,0,92,94.2,34.6,93,6440,331.2
0,0,0,0,0,0,0,0,0,0,0,0,0,1,0,92,94.2,34.6,93,4600,671.6
0,0,0,0,0,0,0,0,0,0,0,0,0,0,1,91,94.2,34.6,93,7280,655.2
1,0,0,0,0,0,0,0,0,0,0,0,0,0,0,132,28.1,37,91,10560,1108.8
0,1,0,0,0,0,0,0,0,0,0,0,0,0,0,97,28.1,37,91,5820,388
0,0,1,0,0,0,0,0,0,0,0,0,0,0,0,154,28.1,37,91,9240,677.6
0,0,0,1,0,0,0,0,0,0,0,0,0,0,0,132,28.1,37,91,10560,792
0,0,0,0,1,0,0,0,0,0,0,0,0,0,0,99,28.1,37,91,5940,693
0,0,0,0,0,1,0,0,0,0,0,0,0,0,0,98,28.1,37,91,7840,666.4
0,0,0,0,0,0,1,0,0,0,0,0,0,0,0,122,28.1,37,91,9760,793
0,0,0,0,0,0,0,1,0,0,0,0,0,0,0,143,28.1,37,91,11440,643.5
0,0,0,0,0,0,0,0,1,0,0,0,0,0,0,167,28.1,37,91,10020,718.1
0,0,0,0,0,0,0,0,0,1,0,0,0,0,0,97,28.1,37,91,7760,426.8
0,0,0,0,0,0,0,0,0,0,1,0,0,0,0,97,28.1,37,91,5820,669.3
0,0,0,0,0,0,0,0,0,0,0,1,0,0,0,112,28.1,37,91,5600,638.4
0,0,0,0,0,0,0,0,0,0,0,0,1,0,0,132,28.1,37,91,9240,607.2
0,0,0,0,0,0,0,0,0,0,0,0,0,1,0,78,28.1,37,91,3900,592.8
0,0,0,0,0,0,0,0,0,0,0,0,0,0,1,86,28.1,37,91,6880,533.2
1,0,0,0,0,0,0,0,0,0,0,0,0,0,0,142,19.4,35.2,91,11360,1107.6
0,1,0,0,0,0,0,0,0,0,0,0,0,0,0,163,19.4,35.2,91,9780,863.9
0,0,1,0,0,0,0,0,0,0,0,0,0,0,0,122,19.4,35.2,91,7320,536.8
0,0,0,1,0,0,0,0,0,0,0,0,0,0,0,173,19.4,35.2,91,13840,916.9
0,0,0,0,1,0,0,0,0,0,0,0,0,0,0,97,19.4,35.2,91,5820,572.3
0,0,0,0,0,1,0,0,0,0,0,0,0,0,0,97,19.4,35.2,91,7760,708.1
0,0,0,0,0,0,1,0,0,0,0,0,0,0,0,125,19.4,35.2,91,10000,1025
0,0,0,0,0,0,0,1,0,0,0,0,0,0,0,148,19.4,35.2,91,11840,740
0,0,0,0,0,0,0,0,1,0,0,0,0,0,0,98,19.4,35.2,91,5880,588
0,0,0,0,0,0,0,0,0,1,0,0,0,0,0,86,19.4,35.2,91,6880,369.8
0,0,0,0,0,0,0,0,0,0,1,0,0,0,0,113,19.4,35.2,91,6780,610.2
0,0,0,0,0,0,0,0,0,0,0,1,0,0,0,119,19.4,35.2,91,5950,678.3
0,0,0,0,0,0,0,0,0,0,0,0,1,0,0,85,19.4,35.2,91,5950,391
0,0,0,0,0,0,0,0,0,0,0,0,0,1,0,85,19.4,35.2,91,4250,705.5
0,0,0,0,0,0,0,0,0,0,0,0,0,0,1,73,19.4,35.2,91,5840,379.6
1,0,0,0,0,0,0,0,0,0,0,0,0,0,0,87,4.4,34.3,84,6960,565.5
0,1,0,0,0,0,0,0,0,0,0,0,0,0,0,92,4.4,34.3,84,5520,368
0,0,1,0,0,0,0,0,0,0,0,0,0,0,0,85,4.4,34.3,84,5100,374
0,0,0,1,0,0,0,0,0,0,0,0,0,0,0,87,4.4,34.3,84,6960,435
0,0,0,0,1,0,0,0,0,0,0,0,0,0,0,94,4.4,34.3,84,5640,564
0,0,0,0,0,1,0,0,0,0,0,0,0,0,0,82,4.4,34.3,84,6560,639.6
0,0,0,0,0,0,1,0,0,0,0,0,0,0,0,82,4.4,34.3,84,6560,697
0,0,0,0,0,0,0,1,0,0,0,0,0,0,0,82,4.4,34.3,84,6560,352.6
0,0,0,0,0,0,0,0,1,0,0,0,0,0,0,84,4.4,34.3,84,5040,336
0,0,0,0,0,0,0,0,0,1,0,0,0,0,0,86,4.4,34.3,84,6880,421.4
0,0,0,0,0,0,0,0,0,0,1,0,0,0,0,94,4.4,34.3,84,5640,554.6
0,0,0,0,0,0,0,0,0,0,0,1,0,0,0,86,4.4,34.3,84,4300,404.2
0,0,0,0,0,0,0,0,0,0,0,0,1,0,0,94,4.4,34.3,84,6580,338.4
0,0,0,0,0,0,0,0,0,0,0,0,0,1,0,91,4.4,34.3,84,4550,664.3
0,0,0,0,0,0,0,0,0,0,0,0,0,0,1,88,4.4,34.3,84,7040,633.6
1,0,0,0,0,0,0,0,0,0,0,0,0,0,0,87,0.6,35.8,84,6960,565.5
0,1,0,0,0,0,0,0,0,0,0,0,0,0,0,92,0.6,35.8,84,5520,368
0,0,1,0,0,0,0,0,0,0,0,0,0,0,0,85,0.6,35.8,84,5100,374
0,0,0,1,0,0,0,0,0,0,0,0,0,0,0,87,0.6,35.8,84,6960,435
0,0,0,0,1,0,0,0,0,0,0,0,0,0,0,94,0.6,35.8,84,5640,564
0,0,0,0,0,1,0,0,0,0,0,0,0,0,0,82,0.6,35.8,84,6560,639.6
0,0,0,0,0,0,1,0,0,0,0,0,0,0,0,82,0.6,35.8,84,6560,697
0,0,0,0,0,0,0,1,0,0,0,0,0,0,0,82,0.6,35.8,84,6560,352.6
0,0,0,0,0,0,0,0,1,0,0,0,0,0,0,84,0.6,35.8,84,5040,336
0,0,0,0,0,0,0,0,0,1,0,0,0,0,0,86,0.6,35.8,84,6880,421.4
0,0,0,0,0,0,0,0,0,0,1,0,0,0,0,94,0.6,35.8,84,5640,554.6
0,0,0,0,0,0,0,0,0,0,0,1,0,0,0,86,0.6,35.8,84,4300,404.2
0,0,0,0,0,0,0,0,0,0,0,0,1,0,0,94,0.6,35.8,84,6580,338.4
0,0,0,0,0,0,0,0,0,0,0,0,0,1,0,91,0.6,35.8,84,4550,664.3
0,0,0,0,0,0,0,0,0,0,0,0,0,0,1,88,0.6,35.8,84,7040,633.6
1,0,0,0,0,0,0,0,0,0,0,0,0,0,0,35,9.3,34.8,87,2800,273
0,1,0,0,0,0,0,0,0,0,0,0,0,0,0,142,9.3,34.8,87,8520,752.6
0,0,1,0,0,0,0,0,0,0,0,0,0,0,0,194,9.3,34.8,87,11640,853.6
0,0,0,1,0,0,0,0,0,0,0,0,0,0,0,86,9.3,34.8,87,6880,455.8
0,0,0,0,1,0,0,0,0,0,0,0,0,0,0,45,9.3,34.8,87,2700,265.5
0,0,0,0,0,1,0,0,0,0,0,0,0,0,0,79,9.3,34.8,87,6320,576.7
0,0,0,0,0,0,1,0,0,0,0,0,0,0,0,64,9.3,34.8,87,5120,524.8
0,0,0,0,0,0,0,1,0,0,0,0,0,0,0,87,9.3,34.8,87,6960,435
0,0,0,0,0,0,0,0,1,0,0,0,0,0,0,10,9.3,34.8,87,600,60
0,0,0,0,0,0,0,0,0,1,0,0,0,0,0,22,9.3,34.8,87,1760,94.6
0,0,0,0,0,0,0,0,0,0,1,0,0,0,0,73,9.3,34.8,87,4380,394.2
0,0,0,0,0,0,0,0,0,0,0,1,0,0,0,141,9.3,34.8,87,7050,803.7
0,0,0,0,0,0,0,0,0,0,0,0,1,0,0,49,9.3,34.8,87,3430,225.4
0,0,0,0,0,0,0,0,0,0,0,0,0,1,0,129,9.3,34.8,87,6450,1070.7
0,0,0,0,0,0,0,0,0,0,0,0,0,0,1,33,9.3,34.8,87,2640,171.6
1,0,0,0,0,0,0,0,0,0,0,0,0,0,0,54,4.1,35.5,79,4320,453.6
0,1,0,0,0,0,0,0,0,0,0,0,0,0,0,86,4.1,35.5,79,5160,344
0,0,1,0,0,0,0,0,0,0,0,0,0,0,0,79,4.1,35.5,79,4740,347.6
0,0,0,1,0,0,0,0,0,0,0,0,0,0,0,142,4.1,35.5,79,11360,852
0,0,0,0,1,0,0,0,0,0,0,0,0,0,0,94,4.1,35.5,79,5640,658
0,0,0,0,0,1,0,0,0,0,0,0,0,0,0,135,4.1,35.5,79,10800,918
0,0,0,0,0,0,1,0,0,0,0,0,0,0,0,117,4.1,35.5,79,9360,760.5
0,0,0,0,0,0,0,1,0,0,0,0,0,0,0,78,4.1,35.5,79,6240,351
0,0,0,0,0,0,0,0,1,0,0,0,0,0,0,108,4.1,35.5,79,6480,464.4
0,0,0,0,0,0,0,0,0,1,0,0,0,0,0,122,4.1,35.5,79,9760,536.8
0,0,0,0,0,0,0,0,0,0,1,0,0,0,0,95,4.1,35.5,79,5700,655.5
0,0,0,0,0,0,0,0,0,0,0,1,0,0,0,101,4.1,35.5,79,5050,575.7
0,0,0,0,0,0,0,0,0,0,0,0,1,0,0,32,4.1,35.5,79,2240,147.2
0,0,0,0,0,0,0,0,0,0,0,0,0,1,0,129,4.1,35.5,79,6450,980.4
0,0,0,0,0,0,0,0,0,0,0,0,0,0,1,133,4.1,35.5,79,10640,824.6
1,0,0,0,0,0,0,0,0,0,0,0,0,0,0,84,7.2,36.1,84,6720,739.2
0,1,0,0,0,0,0,0,0,0,0,0,0,0,0,80,7.2,36.1,84,4800,320
0,0,1,0,0,0,0,0,0,0,0,0,0,0,0,112,7.2,36.1,84,6720,492.8
0,0,0,1,0,0,0,0,0,0,0,0,0,0,0,97,7.2,36.1,84,7760,485
0,0,0,0,1,0,0,0,0,0,0,0,0,0,0,121,7.2,36.1,84,7260,726
0,0,0,0,0,1,0,0,0,0,0,0,0,0,0,85,7.2,36.1,84,6800,663
0,0,0,0,0,0,1,0,0,0,0,0,0,0,0,73,7.2,36.1,84,5840,620.5
0,0,0,0,0,0,0,1,0,0,0,0,0,0,0,64,7.2,36.1,84,5120,275.2
0,0,0,0,0,0,0,0,1,0,0,0,0,0,0,93,7.2,36.1,84,5580,372
0,0,0,0,0,0,0,0,0,1,0,0,0,0,0,134,7.2,36.1,84,10720,656.6
0,0,0,0,0,0,0,0,0,0,1,0,0,0,0,122,7.2,36.1,84,7320,719.8
0,0,0,0,0,0,0,0,0,0,0,1,0,0,0,78,7.2,36.1,84,3900,366.6
0,0,0,0,0,0,0,0,0,0,0,0,1,0,0,56,7.2,36.1,84,3920,201.6
0,0,0,0,0,0,0,0,0,0,0,0,0,1,0,119,7.2,36.1,84,5950,868.7
0,0,0,0,0,0,0,0,0,0,0,0,0,0,1,98,7.2,36.1,84,7840,705.6
1,0,0,0,0,0,0,0,0,0,0,0,0,0,0,73,46.6,35.3,85,5840,554.8
0,1,0,0,0,0,0,0,0,0,0,0,0,0,0,56,46.6,35.3,85,3360,296.8
0,0,1,0,0,0,0,0,0,0,0,0,0,0,0,81,46.6,35.3,85,4860,356.4
0,0,0,1,0,0,0,0,0,0,0,0,0,0,0,62,46.6,35.3,85,4960,328.6
0,0,0,0,1,0,0,0,0,0,0,0,0,0,0,52,46.6,35.3,85,3120,306.8
0,0,0,0,0,1,0,0,0,0,0,0,0,0,0,91,46.6,35.3,85,7280,664.3
0,0,0,0,0,0,1,0,0,0,0,0,0,0,0,112,46.6,35.3,85,8960,918.4
0,0,0,0,0,0,0,1,0,0,0,0,0,0,0,57,46.6,35.3,85,4560,285
0,0,0,0,0,0,0,0,1,0,0,0,0,0,0,83,46.6,35.3,85,4980,498
0,0,0,0,0,0,0,0,0,1,0,0,0,0,0,46,46.6,35.3,85,3680,197.8
0,0,0,0,0,0,0,0,0,0,1,0,0,0,0,97,46.6,35.3,85,5820,523.8
0,0,0,0,0,0,0,0,0,0,0,1,0,0,0,57,46.6,35.3,85,2850,324.9
0,0,0,0,0,0,0,0,0,0,0,0,1,0,0,68,46.6,35.3,85,4760,312.8
0,0,0,0,0,0,0,0,0,0,0,0,0,1,0,68,46.6,35.3,85,3400,564.4
0,0,0,0,0,0,0,0,0,0,0,0,0,0,1,119,46.6,35.3,85,9520,618.8
1,0,0,0,0,0,0,0,0,0,0,0,0,0,0,87,58.4,36.1,93,6960,643.8
0,1,0,0,0,0,0,0,0,0,0,0,0,0,0,87,58.4,36.1,93,5220,348
0,0,1,0,0,0,0,0,0,0,0,0,0,0,0,62,58.4,36.1,93,3720,272.8
0,0,0,1,0,0,0,0,0,0,0,0,0,0,0,91,58.4,36.1,93,7280,455
0,0,0,0,1,0,0,0,0,0,0,0,0,0,0,92,58.4,36.1,93,5520,552
0,0,0,0,0,1,0,0,0,0,0,0,0,0,0,73,58.4,36.1,93,5840,569.4
0,0,0,0,0,0,1,0,0,0,0,0,0,0,0,73,58.4,36.1,93,5840,620.5
0,0,0,0,0,0,0,1,0,0,0,0,0,0,0,81,58.4,36.1,93,6480,348.3
0,0,0,0,0,0,0,0,1,0,0,0,0,0,0,81,58.4,36.1,93,4860,324
0,0,0,0,0,0,0,0,0,1,0,0,0,0,0,81,58.4,36.1,93,6480,396.9
0,0,0,0,0,0,0,0,0,0,1,0,0,0,0,114,58.4,36.1,93,6840,672.6
0,0,0,0,0,0,0,0,0,0,0,1,0,0,0,91,58.4,36.1,93,4550,427.7
0,0,0,0,0,0,0,0,0,0,0,0,1,0,0,91,58.4,36.1,93,6370,327.6
0,0,0,0,0,0,0,0,0,0,0,0,0,1,0,63,58.4,36.1,93,3150,459.9
0,0,0,0,0,0,0,0,0,0,0,0,0,0,1,59,58.4,36.1,93,4720,424.8
1,0,0,0,0,0,0,0,0,0,0,0,0,0,0,94,50.4,34.6,90,7520,752
0,1,0,0,0,0,0,0,0,0,0,0,0,0,0,82,50.4,34.6,90,4920,434.6
0,0,1,0,0,0,0,0,0,0,0,0,0,0,0,82,50.4,34.6,90,4920,360.8
0,0,0,1,0,0,0,0,0,0,0,0,0,0,0,82,50.4,34.6,90,6560,434.6
0,0,0,0,1,0,0,0,0,0,0,0,0,0,0,84,50.4,34.6,90,5040,495.6
0,0,0,0,0,1,0,0,0,0,0,0,0,0,0,86,50.4,34.6,90,6880,627.8
0,0,0,0,0,0,1,0,0,0,0,0,0,0,0,94,50.4,34.6,90,7520,770.8
0,0,0,0,0,0,0,1,0,0,0,0,0,0,0,86,50.4,34.6,90,6880,430
0,0,0,0,0,0,0,0,1,0,0,0,0,0,0,94,50.4,34.6,90,5640,564
0,0,0,0,0,0,0,0,0,1,0,0,0,0,0,91,50.4,34.6,90,7280,391.3
0,0,0,0,0,0,0,0,0,0,1,0,0,0,0,88,50.4,34.6,90,5280,475.2
0,0,0,0,0,0,0,0,0,0,0,1,0,0,0,88,50.4,34.6,90,4400,501.6
0,0,0,0,0,0,0,0,0,0,0,0,1,0,0,89,50.4,34.6,90,6230,409.4
0,0,0,0,0,0,0,0,0,0,0,0,0,1,0,88,50.4,34.6,90,4400,730.4
0,0,0,0,0,0,0,0,0,0,0,0,0,0,1,92,50.4,34.6,90,7360,478.4
1,0,0,0,0,0,0,0,0,0,0,0,0,0,0,116,18.3,34.3,88,9280,835.2
0,1,0,0,0,0,0,0,0,0,0,0,0,0,0,97,18.3,34.3,88,5820,388
0,0,1,0,0,0,0,0,0,0,0,0,0,0,0,67,18.3,34.3,88,4020,294.8
0,0,0,1,0,0,0,0,0,0,0,0,0,0,0,98,18.3,34.3,88,7840,588
0,0,0,0,1,0,0,0,0,0,0,0,0,0,0,128,18.3,34.3,88,7680,896
0,0,0,0,0,1,0,0,0,0,0,0,0,0,0,165,18.3,34.3,88,13200,1122
0,0,0,0,0,0,1,0,0,0,0,0,0,0,0,79,18.3,34.3,88,6320,513.5
0,0,0,0,0,0,0,1,0,0,0,0,0,0,0,79,18.3,34.3,88,6320,355.5
0,0,0,0,0,0,0,0,1,0,0,0,0,0,0,85,18.3,34.3,88,5100,365.5
0,0,0,0,0,0,0,0,0,1,0,0,0,0,0,98,18.3,34.3,88,7840,431.2
0,0,0,0,0,0,0,0,0,0,1,0,0,0,0,73,18.3,34.3,88,4380,503.7
0,0,0,0,0,0,0,0,0,0,0,1,0,0,0,132,18.3,34.3,88,6600,752.4
0,0,0,0,0,0,0,0,0,0,0,0,1,0,0,122,18.3,34.3,88,8540,561.2
0,0,0,0,0,0,0,0,0,0,0,0,0,1,0,98,18.3,34.3,88,4900,744.8
0,0,0,0,0,0,0,0,0,0,0,0,0,0,1,68,18.3,34.3,88,5440,421.6
1,0,0,0,0,0,0,0,0,0,0,0,0,0,0,88,46.8,34.6,92,7040,528
0,1,0,0,0,0,0,0,0,0,0,0,0,0,0,96,46.8,34.6,92,5760,384
0,0,1,0,0,0,0,0,0,0,0,0,0,0,0,91,46.8,34.6,92,5460,400.4
0,0,0,1,0,0,0,0,0,0,0,0,0,0,0,89,46.8,34.6,92,7120,534
0,0,0,0,1,0,0,0,0,0,0,0,0,0,0,84,46.8,34.6,92,5040,588
0,0,0,0,0,1,0,0,0,0,0,0,0,0,0,90,46.8,34.6,92,7200,612
0,0,0,0,0,0,1,0,0,0,0,0,0,0,0,92,46.8,34.6,92,7360,598
0,0,0,0,0,0,0,1,0,0,0,0,0,0,0,93,46.8,34.6,92,7440,418.5
0,0,0,0,0,0,0,0,1,0,0,0,0,0,0,90,46.8,34.6,92,5400,387
0,0,0,0,0,0,0,0,0,1,0,0,0,0,0,91,46.8,34.6,92,7280,400.4
0,0,0,0,0,0,0,0,0,0,1,0,0,0,0,87,46.8,34.6,92,5220,600.3
0,0,0,0,0,0,0,0,0,0,0,1,0,0,0,92,46.8,34.6,92,4600,524.4
0,0,0,0,0,0,0,0,0,0,0,0,1,0,0,85,46.8,34.6,92,5950,391
0,0,0,0,0,0,0,0,0,0,0,0,0,1,0,87,46.8,34.6,92,4350,661.2
0,0,0,0,0,0,0,0,0,0,0,0,0,0,1,94,46.8,34.6,92,7520,582.8
1,0,0,0,0,0,0,0,0,0,0,0,0,0,0,93,23.2,34.2,90,7440,632.4
0,1,0,0,0,0,0,0,0,0,0,0,0,0,0,90,23.2,34.2,90,5400,477
0,0,1,0,0,0,0,0,0,0,0,0,0,0,0,88,23.2,34.2,90,5280,387.2
0,0,0,1,0,0,0,0,0,0,0,0,0,0,0,92,23.2,34.2,90,7360,487.6
0,0,0,0,1,0,0,0,0,0,0,0,0,0,0,90,23.2,34.2,90,5400,531
0,0,0,0,0,1,0,0,0,0,0,0,0,0,0,91,23.2,34.2,90,7280,664.3
0,0,0,0,0,0,1,0,0,0,0,0,0,0,0,93,23.2,34.2,90,7440,762.6
0,0,0,0,0,0,0,1,0,0,0,0,0,0,0,93,23.2,34.2,90,7440,465
0,0,0,0,0,0,0,0,1,0,0,0,0,0,0,86,23.2,34.2,90,5160,516
0,0,0,0,0,0,0,0,0,1,0,0,0,0,0,90,23.2,34.2,90,7200,387
0,0,0,0,0,0,0,0,0,0,1,0,0,0,0,86,23.2,34.2,90,5160,464.4
0,0,0,0,0,0,0,0,0,0,0,1,0,0,0,91,23.2,34.2,90,4550,518.7
0,0,0,0,0,0,0,0,0,0,0,0,1,0,0,92,23.2,34.2,90,6440,423.2
0,0,0,0,0,0,0,0,0,0,0,0,0,1,0,92,23.2,34.2,90,4600,763.6
0,0,0,0,0,0,0,0,0,0,0,0,0,0,1,91,23.2,34.2,90,7280,473.2
1,0,0,0,0,0,0,0,0,0,0,0,0,0,0,132,49.8,34.5,91,10560,792
0,1,0,0,0,0,0,0,0,0,0,0,0,0,0,97,49.8,34.5,91,5820,417.1
0,0,1,0,0,0,0,0,0,0,0,0,0,0,0,154,49.8,34.5,91,9240,693
0,0,0,1,0,0,0,0,0,0,0,0,0,0,0,132,49.8,34.5,91,10560,739.2
0,0,0,0,1,0,0,0,0,0,0,0,0,0,0,99,49.8,34.5,91,5940,663.3
0,0,0,0,0,1,0,0,0,0,0,0,0,0,0,98,49.8,34.5,91,7840,735
0,0,0,0,0,0,1,0,0,0,0,0,0,0,0,122,49.8,34.5,91,9760,988.2
0,0,0,0,0,0,0,1,0,0,0,0,0,0,0,143,49.8,34.5,91,11440,700.7
0,0,0,0,0,0,0,0,1,0,0,0,0,0,0,167,49.8,34.5,91,10020,768.2
0,0,0,0,0,0,0,0,0,1,0,0,0,0,0,97,49.8,34.5,91,7760,436.5
0,0,0,0,0,0,0,0,0,0,1,0,0,0,0,97,49.8,34.5,91,5820,514.1
0,0,0,0,0,0,0,0,0,0,0,1,0,0,0,112,49.8,34.5,91,5600,515.2
0,0,0,0,0,0,0,0,0,0,0,0,1,0,0,132,49.8,34.5,91,9240,514.8
0,0,0,0,0,0,0,0,0,0,0,0,0,1,0,78,49.8,34.5,91,3900,608.4
0,0,0,0,0,0,0,0,0,0,0,0,0,0,1,86,49.8,34.5,91,6880,662.2
1,0,0,0,0,0,0,0,0,0,0,0,0,0,0,142,48.3,34.1,93,11360,1136
0,1,0,0,0,0,0,0,0,0,0,0,0,0,0,163,48.3,34.1,93,9780,652
0,0,1,0,0,0,0,0,0,0,0,0,0,0,0,122,48.3,34.1,93,7320,536.8
0,0,0,1,0,0,0,0,0,0,0,0,0,0,0,173,48.3,34.1,93,13840,865
0,0,0,0,1,0,0,0,0,0,0,0,0,0,0,97,48.3,34.1,93,5820,582
0,0,0,0,0,1,0,0,0,0,0,0,0,0,0,97,48.3,34.1,93,7760,756.6
0,0,0,0,0,0,1,0,0,0,0,0,0,0,0,125,48.3,34.1,93,10000,1062.5
0,0,0,0,0,0,0,1,0,0,0,0,0,0,0,148,48.3,34.1,93,11840,636.4
0,0,0,0,0,0,0,0,1,0,0,0,0,0,0,98,48.3,34.1,93,5880,392
0,0,0,0,0,0,0,0,0,1,0,0,0,0,0,86,48.3,34.1,93,6880,421.4
0,0,0,0,0,0,0,0,0,0,1,0,0,0,0,113,48.3,34.1,93,6780,666.7
0,0,0,0,0,0,0,0,0,0,0,1,0,0,0,119,48.3,34.1,93,5950,559.3
0,0,0,0,0,0,0,0,0,0,0,0,1,0,0,85,48.3,34.1,93,5950,306
0,0,0,0,0,0,0,0,0,0,0,0,0,1,0,85,48.3,34.1,93,4250,620.5
0,0,0,0,0,0,0,0,0,0,0,0,0,0,1,73,48.3,34.1,93,5840,525.6
1,0,0,0,0,0,0,0,0,0,0,0,0,0,0,142,48.3,34.8,93,11360,1107.6
0,1,0,0,0,0,0,0,0,0,0,0,0,0,0,163,48.3,34.8,93,9780,863.9
0,0,1,0,0,0,0,0,0,0,0,0,0,0,0,122,48.3,34.8,93,7320,536.8
0,0,0,1,0,0,0,0,0,0,0,0,0,0,0,173,48.3,34.8,93,13840,916.9
0,0,0,0,1,0,0,0,0,0,0,0,0,0,0,97,48.3,34.8,93,5820,572.3
0,0,0,0,0,1,0,0,0,0,0,0,0,0,0,97,48.3,34.8,93,7760,708.1
0,0,0,0,0,0,1,0,0,0,0,0,0,0,0,125,48.3,34.8,93,10000,1025
0,0,0,0,0,0,0,1,0,0,0,0,0,0,0,148,48.3,34.8,93,11840,740
0,0,0,0,0,0,0,0,1,0,0,0,0,0,0,98,48.3,34.8,93,5880,588
0,0,0,0,0,0,0,0,0,1,0,0,0,0,0,86,48.3,34.8,93,6880,369.8
0,0,0,0,0,0,0,0,0,0,1,0,0,0,0,113,48.3,34.8,93,6780,610.2
0,0,0,0,0,0,0,0,0,0,0,1,0,0,0,119,48.3,34.8,93,5950,678.3
0,0,0,0,0,0,0,0,0,0,0,0,1,0,0,85,48.3,34.8,93,5950,391
0,0,0,0,0,0,0,0,0,0,0,0,0,1,0,85,48.3,34.8,93,4250,705.5
0,0,0,0,0,0,0,0,0,0,0,0,0,0,1,73,48.3,34.8,93,5840,379.6
1,0,0,0,0,0,0,0,0,0,0,0,0,0,0,87,36.6,34.7,86,11360,1192.8
0,1,0,0,0,0,0,0,0,0,0,0,0,0,0,92,36.6,34.7,86,9780,652
0,0,1,0,0,0,0,0,0,0,0,0,0,0,0,85,36.6,34.7,86,7320,536.8
0,0,0,1,0,0,0,0,0,0,0,0,0,0,0,87,36.6,34.7,86,13840,1038
0,0,0,0,1,0,0,0,0,0,0,0,0,0,0,94,36.6,34.7,86,5820,679
0,0,0,0,0,1,0,0,0,0,0,0,0,0,0,82,36.6,34.7,86,7760,659.6
0,0,0,0,0,0,1,0,0,0,0,0,0,0,0,82,36.6,34.7,86,10000,812.5
0,0,0,0,0,0,0,1,0,0,0,0,0,0,0,82,36.6,34.7,86,11840,666
0,0,0,0,0,0,0,0,1,0,0,0,0,0,0,84,36.6,34.7,86,5880,421.4
0,0,0,0,0,0,0,0,0,1,0,0,0,0,0,86,36.6,34.7,86,6880,378.4
0,0,0,0,0,0,0,0,0,0,1,0,0,0,0,94,36.6,34.7,86,6780,779.7
0,0,0,0,0,0,0,0,0,0,0,1,0,0,0,86,36.6,34.7,86,5950,678.3
0,0,0,0,0,0,0,0,0,0,0,0,1,0,0,94,36.6,34.7,86,5950,391
0,0,0,0,0,0,0,0,0,0,0,0,0,1,0,91,36.6,34.7,86,4250,646
0,0,0,0,0,0,0,0,0,0,0,0,0,0,1,88,36.6,34.7,86,5840,452.6
1,0,0,0,0,0,0,0,0,0,0,0,0,0,0,35,44.4,34,90,2800,308
0,1,0,0,0,0,0,0,0,0,0,0,0,0,0,142,44.4,34,90,8520,568
0,0,1,0,0,0,0,0,0,0,0,0,0,0,0,194,44.4,34,90,11640,853.6
0,0,0,1,0,0,0,0,0,0,0,0,0,0,0,86,44.4,34,90,6880,430
0,0,0,0,1,0,0,0,0,0,0,0,0,0,0,45,44.4,34,90,2700,270
0,0,0,0,0,1,0,0,0,0,0,0,0,0,0,79,44.4,34,90,6320,616.2
0,0,0,0,0,0,1,0,0,0,0,0,0,0,0,64,44.4,34,90,5120,544
0,0,0,0,0,0,0,1,0,0,0,0,0,0,0,87,44.4,34,90,6960,374.1
0,0,0,0,0,0,0,0,1,0,0,0,0,0,0,10,44.4,34,90,600,40
0,0,0,0,0,0,0,0,0,1,0,0,0,0,0,22,44.4,34,90,1760,107.8
0,0,0,0,0,0,0,0,0,0,1,0,0,0,0,73,44.4,34,90,4380,430.7
0,0,0,0,0,0,0,0,0,0,0,1,0,0,0,141,44.4,34,90,7050,662.7
0,0,0,0,0,0,0,0,0,0,0,0,1,0,0,49,44.4,34,90,3430,176.4
0,0,0,0,0,0,0,0,0,0,0,0,0,1,0,129,44.4,34,90,6450,941.7
0,0,0,0,0,0,0,0,0,0,0,0,0,0,1,33,44.4,34,90,2640,237.6
1,0,0,0,0,0,0,0,0,0,0,0,0,0,0,54,20.7,34.5,86,4320,410.4
0,1,0,0,0,0,0,0,0,0,0,0,0,0,0,86,20.7,34.5,86,5160,455.8
0,0,1,0,0,0,0,0,0,0,0,0,0,0,0,79,20.7,34.5,86,4740,347.6
0,0,0,1,0,0,0,0,0,0,0,0,0,0,0,142,20.7,34.5,86,11360,752.6
0,0,0,0,1,0,0,0,0,0,0,0,0,0,0,94,20.7,34.5,86,5640,554.6
0,0,0,0,0,1,0,0,0,0,0,0,0,0,0,135,20.7,34.5,86,10800,985.5
0,0,0,0,0,0,1,0,0,0,0,0,0,0,0,117,20.7,34.5,86,9360,959.4
0,0,0,0,0,0,0,1,0,0,0,0,0,0,0,78,20.7,34.5,86,6240,390
0,0,0,0,0,0,0,0,1,0,0,0,0,0,0,108,20.7,34.5,86,6480,648
0,0,0,0,0,0,0,0,0,1,0,0,0,0,0,122,20.7,34.5,86,9760,524.6
0,0,0,0,0,0,0,0,0,0,1,0,0,0,0,95,20.7,34.5,86,5700,513
0,0,0,0,0,0,0,0,0,0,0,1,0,0,0,101,20.7,34.5,86,5050,575.7
0,0,0,0,0,0,0,0,0,0,0,0,1,0,0,32,20.7,34.5,86,2240,147.2
0,0,0,0,0,0,0,0,0,0,0,0,0,1,0,129,20.7,34.5,86,6450,1070.7
0,0,0,0,0,0,0,0,0,0,0,0,0,0,1,133,20.7,34.5,86,10640,691.6
1,0,0,0,0,0,0,0,0,0,0,0,0,0,0,84,14.6,33.8,87,6720,621.6
0,1,0,0,0,0,0,0,0,0,0,0,0,0,0,80,14.6,33.8,87,4800,320
0,0,1,0,0,0,0,0,0,0,0,0,0,0,0,112,14.6,33.8,87,6720,492.8
0,0,0,1,0,0,0,0,0,0,0,0,0,0,0,97,14.6,33.8,87,7760,485
0,0,0,0,1,0,0,0,0,0,0,0,0,0,0,121,14.6,33.8,87,7260,726
0,0,0,0,0,1,0,0,0,0,0,0,0,0,0,85,14.6,33.8,87,6800,663
0,0,0,0,0,0,1,0,0,0,0,0,0,0,0,73,14.6,33.8,87,5840,620.5
0,0,0,0,0,0,0,1,0,0,0,0,0,0,0,64,14.6,33.8,87,5120,275.2
0,0,0,0,0,0,0,0,1,0,0,0,0,0,0,93,14.6,33.8,87,5580,372
0,0,0,0,0,0,0,0,0,1,0,0,0,0,0,134,14.6,33.8,87,10720,656.6
0,0,0,0,0,0,0,0,0,0,1,0,0,0,0,122,14.6,33.8,87,7320,719.8
0,0,0,0,0,0,0,0,0,0,0,1,0,0,0,78,14.6,33.8,87,3900,366.6
0,0,0,0,0,0,0,0,0,0,0,0,1,0,0,56,14.6,33.8,87,3920,201.6
0,0,0,0,0,0,0,0,0,0,0,0,0,1,0,119,14.6,33.8,87,5950,868.7
0,0,0,0,0,0,0,0,0,0,0,0,0,0,1,98,14.6,33.8,87,7840,705.6
1,0,0,0,0,0,0,0,0,0,0,0,0,0,0,73,53.4,34.6,90,5840,584
0,1,0,0,0,0,0,0,0,0,0,0,0,0,0,56,53.4,34.6,90,3360,296.8
0,0,1,0,0,0,0,0,0,0,0,0,0,0,0,81,53.4,34.6,90,4860,356.4
0,0,0,1,0,0,0,0,0,0,0,0,0,0,0,62,53.4,34.6,90,4960,328.6
0,0,0,0,1,0,0,0,0,0,0,0,0,0,0,52,53.4,34.6,90,3120,306.8
0,0,0,0,0,1,0,0,0,0,0,0,0,0,0,91,53.4,34.6,90,7280,664.3
0,0,0,0,0,0,1,0,0,0,0,0,0,0,0,112,53.4,34.6,90,8960,918.4
0,0,0,0,0,0,0,1,0,0,0,0,0,0,0,57,53.4,34.6,90,4560,285
0,0,0,0,0,0,0,0,1,0,0,0,0,0,0,83,53.4,34.6,90,4980,498
0,0,0,0,0,0,0,0,0,1,0,0,0,0,0,46,53.4,34.6,90,3680,197.8
0,0,0,0,0,0,0,0,0,0,1,0,0,0,0,97,53.4,34.6,90,5820,523.8
0,0,0,0,0,0,0,0,0,0,0,1,0,0,0,57,53.4,34.6,90,2850,324.9
0,0,0,0,0,0,0,0,0,0,0,0,1,0,0,68,53.4,34.6,90,4760,312.8
0,0,0,0,0,0,0,0,0,0,0,0,0,1,0,68,53.4,34.6,90,3400,564.4
0,0,0,0,0,0,0,0,0,0,0,0,0,0,1,119,53.4,34.6,90,9520,618.8
1,0,0,0,0,0,0,0,0,0,0,0,0,0,0,87,13.6,34.5,92,6960,626.4
0,1,0,0,0,0,0,0,0,0,0,0,0,0,0,87,13.6,34.5,92,5220,348
0,0,1,0,0,0,0,0,0,0,0,0,0,0,0,62,13.6,34.5,92,3720,272.8
0,0,0,1,0,0,0,0,0,0,0,0,0,0,0,91,13.6,34.5,92,7280,546
0,0,0,0,1,0,0,0,0,0,0,0,0,0,0,92,13.6,34.5,92,5520,644
0,0,0,0,0,1,0,0,0,0,0,0,0,0,0,73,13.6,34.5,92,5840,496.4
0,0,0,0,0,0,1,0,0,0,0,0,0,0,0,73,13.6,34.5,92,5840,474.5
0,0,0,0,0,0,0,1,0,0,0,0,0,0,0,81,13.6,34.5,92,6480,364.5
0,0,0,0,0,0,0,0,1,0,0,0,0,0,0,81,13.6,34.5,92,4860,348.3
0,0,0,0,0,0,0,0,0,1,0,0,0,0,0,81,13.6,34.5,92,6480,356.4
0,0,0,0,0,0,0,0,0,0,1,0,0,0,0,114,13.6,34.5,92,6840,786.6
0,0,0,0,0,0,0,0,0,0,0,1,0,0,0,91,13.6,34.5,92,4550,518.7
0,0,0,0,0,0,0,0,0,0,0,0,1,0,0,91,13.6,34.5,92,6370,418.6
0,0,0,0,0,0,0,0,0,0,0,0,0,1,0,63,13.6,34.5,92,3150,478.8
0,0,0,0,0,0,0,0,0,0,0,0,0,0,1,59,13.6,34.5,92,4720,365.8
1,0,0,0,0,0,0,0,0,0,0,0,0,0,0,94,12.4,34.2,91,7520,564
0,1,0,0,0,0,0,0,0,0,0,0,0,0,0,82,12.4,34.2,91,4920,328
0,0,1,0,0,0,0,0,0,0,0,0,0,0,0,82,12.4,34.2,91,4920,360.8
0,0,0,1,0,0,0,0,0,0,0,0,0,0,0,82,12.4,34.2,91,6560,492
0,0,0,0,1,0,0,0,0,0,0,0,0,0,0,84,12.4,34.2,91,5040,588
0,0,0,0,0,1,0,0,0,0,0,0,0,0,0,86,12.4,34.2,91,6880,584.8
0,0,0,0,0,0,1,0,0,0,0,0,0,0,0,94,12.4,34.2,91,7520,611
0,0,0,0,0,0,0,1,0,0,0,0,0,0,0,86,12.4,34.2,91,6880,387
0,0,0,0,0,0,0,0,1,0,0,0,0,0,0,94,12.4,34.2,91,5640,404.2
0,0,0,0,0,0,0,0,0,1,0,0,0,0,0,91,12.4,34.2,91,7280,400.4
0,0,0,0,0,0,0,0,0,0,1,0,0,0,0,88,12.4,34.2,91,5280,607.2
0,0,0,0,0,0,0,0,0,0,0,1,0,0,0,88,12.4,34.2,91,4400,501.6
0,0,0,0,0,0,0,0,0,0,0,0,1,0,0,89,12.4,34.2,91,6230,409.4
0,0,0,0,0,0,0,0,0,0,0,0,0,1,0,88,12.4,34.2,91,4400,668.8
0,0,0,0,0,0,0,0,0,0,0,0,0,0,1,92,12.4,34.2,91,7360,570.4
1,0,0,0,0,0,0,0,0,0,0,0,0,0,0,116,34.8,34.5,90,9280,788.8
0,1,0,0,0,0,0,0,0,0,0,0,0,0,0,97,34.8,34.5,90,5820,514.1
0,0,1,0,0,0,0,0,0,0,0,0,0,0,0,67,34.8,34.5,90,4020,294.8
0,0,0,1,0,0,0,0,0,0,0,0,0,0,0,98,34.8,34.5,90,7840,519.4
0,0,0,0,1,0,0,0,0,0,0,0,0,0,0,128,34.8,34.5,90,7680,755.2
0,0,0,0,0,1,0,0,0,0,0,0,0,0,0,165,34.8,34.5,90,13200,1204.5
0,0,0,0,0,0,1,0,0,0,0,0,0,0,0,79,34.8,34.5,90,6320,647.8
0,0,0,0,0,0,0,1,0,0,0,0,0,0,0,79,34.8,34.5,90,6320,395
0,0,0,0,0,0,0,0,1,0,0,0,0,0,0,85,34.8,34.5,90,5100,510
0,0,0,0,0,0,0,0,0,1,0,0,0,0,0,98,34.8,34.5,90,7840,421.4
0,0,0,0,0,0,0,0,0,0,1,0,0,0,0,73,34.8,34.5,90,4380,394.2
0,0,0,0,0,0,0,0,0,0,0,1,0,0,0,132,34.8,34.5,90,6600,752.4
0,0,0,0,0,0,0,0,0,0,0,0,1,0,0,122,34.8,34.5,90,8540,561.2
0,0,0,0,0,0,0,0,0,0,0,0,0,1,0,98,34.8,34.5,90,4900,813.4
0,0,0,0,0,0,0,0,0,0,0,0,0,0,1,68,34.8,34.5,90,5440,353.6
1,0,0,0,0,0,0,0,0,0,0,0,0,0,0,88,65.5,33.9,91,7040,528
0,1,0,0,0,0,0,0,0,0,0,0,0,0,0,96,65.5,33.9,91,5760,412.8
0,0,1,0,0,0,0,0,0,0,0,0,0,0,0,91,65.5,33.9,91,5460,409.5
0,0,0,1,0,0,0,0,0,0,0,0,0,0,0,89,65.5,33.9,91,7120,498.4
0,0,0,0,1,0,0,0,0,0,0,0,0,0,0,84,65.5,33.9,91,5040,562.8
0,0,0,0,0,1,0,0,0,0,0,0,0,0,0,90,65.5,33.9,91,7200,675
0,0,0,0,0,0,1,0,0,0,0,0,0,0,0,92,65.5,33.9,91,7360,745.2
0,0,0,0,0,0,0,1,0,0,0,0,0,0,0,93,65.5,33.9,91,7440,455.7
0,0,0,0,0,0,0,0,1,0,0,0,0,0,0,90,65.5,33.9,91,5400,414
0,0,0,0,0,0,0,0,0,1,0,0,0,0,0,91,65.5,33.9,91,7280,409.5
0,0,0,0,0,0,0,0,0,0,1,0,0,0,0,87,65.5,33.9,91,5220,461.1
0,0,0,0,0,0,0,0,0,0,0,1,0,0,0,92,65.5,33.9,91,4600,423.2
0,0,0,0,0,0,0,0,0,0,0,0,1,0,0,85,65.5,33.9,91,5950,331.5
0,0,0,0,0,0,0,0,0,0,0,0,0,1,0,87,65.5,33.9,91,4350,678.6
0,0,0,0,0,0,0,0,0,0,0,0,0,0,1,94,65.5,33.9,91,7520,723.8
1,0,0,0,0,0,0,0,0,0,0,0,0,0,0,93,41.8,35.4,88,7440,744
0,1,0,0,0,0,0,0,0,0,0,0,0,0,0,90,41.8,35.4,88,5400,360
0,0,1,0,0,0,0,0,0,0,0,0,0,0,0,88,41.8,35.4,88,5280,387.2
0,0,0,1,0,0,0,0,0,0,0,0,0,0,0,92,41.8,35.4,88,7360,460
0,0,0,0,1,0,0,0,0,0,0,0,0,0,0,90,41.8,35.4,88,5400,540
0,0,0,0,0,1,0,0,0,0,0,0,0,0,0,91,41.8,35.4,88,7280,709.8
0,0,0,0,0,0,1,0,0,0,0,0,0,0,0,93,41.8,35.4,88,7440,790.5
0,0,0,0,0,0,0,1,0,0,0,0,0,0,0,93,41.8,35.4,88,7440,399.9
0,0,0,0,0,0,0,0,1,0,0,0,0,0,0,86,41.8,35.4,88,5160,344
0,0,0,0,0,0,0,0,0,1,0,0,0,0,0,90,41.8,35.4,88,7200,441
0,0,0,0,0,0,0,0,0,0,1,0,0,0,0,86,41.8,35.4,88,5160,507.4
0,0,0,0,0,0,0,0,0,0,0,1,0,0,0,91,41.8,35.4,88,4550,427.7
0,0,0,0,0,0,0,0,0,0,0,0,1,0,0,92,41.8,35.4,88,6440,331.2
0,0,0,0,0,0,0,0,0,0,0,0,0,1,0,92,41.8,35.4,88,4600,671.6
0,0,0,0,0,0,0,0,0,0,0,0,0,0,1,91,41.8,35.4,88,7280,655.2
1,0,0,0,0,0,0,0,0,0,0,0,0,0,0,132,29.4,35.6,96,10560,858
0,1,0,0,0,0,0,0,0,0,0,0,0,0,0,97,29.4,35.6,96,5820,388
0,0,1,0,0,0,0,0,0,0,0,0,0,0,0,154,29.4,35.6,96,9240,677.6
0,0,0,1,0,0,0,0,0,0,0,0,0,0,0,132,29.4,35.6,96,10560,660
0,0,0,0,1,0,0,0,0,0,0,0,0,0,0,99,29.4,35.6,96,5940,594
0,0,0,0,0,1,0,0,0,0,0,0,0,0,0,98,29.4,35.6,96,7840,764.4
0,0,0,0,0,0,1,0,0,0,0,0,0,0,0,122,29.4,35.6,96,9760,1037
0,0,0,0,0,0,0,1,0,0,0,0,0,0,0,143,29.4,35.6,96,11440,614.9
0,0,0,0,0,0,0,0,1,0,0,0,0,0,0,167,29.4,35.6,96,10020,668
0,0,0,0,0,0,0,0,0,1,0,0,0,0,0,97,29.4,35.6,96,7760,475.3
0,0,0,0,0,0,0,0,0,0,1,0,0,0,0,97,29.4,35.6,96,5820,572.3
0,0,0,0,0,0,0,0,0,0,0,1,0,0,0,112,29.4,35.6,96,5600,526.4
0,0,0,0,0,0,0,0,0,0,0,0,1,0,0,132,29.4,35.6,96,9240,475.2
0,0,0,0,0,0,0,0,0,0,0,0,0,1,0,78,29.4,35.6,96,3900,569.4
0,0,0,0,0,0,0,0,0,0,0,0,0,0,1,86,29.4,35.6,96,6880,619.2
1,0,0,0,0,0,0,0,0,0,0,0,0,0,0,132,15.6,34.5,91,10560,1108.8
0,1,0,0,0,0,0,0,0,0,0,0,0,0,0,97,15.6,34.5,91,5820,388
0,0,1,0,0,0,0,0,0,0,0,0,0,0,0,154,15.6,34.5,91,9240,677.6
0,0,0,1,0,0,0,0,0,0,0,0,0,0,0,132,15.6,34.5,91,10560,792
0,0,0,0,1,0,0,0,0,0,0,0,0,0,0,99,15.6,34.5,91,5940,693
0,0,0,0,0,1,0,0,0,0,0,0,0,0,0,98,15.6,34.5,91,7840,666.4
0,0,0,0,0,0,1,0,0,0,0,0,0,0,0,122,15.6,34.5,91,9760,793
0,0,0,0,0,0,0,1,0,0,0,0,0,0,0,143,15.6,34.5,91,11440,643.5
0,0,0,0,0,0,0,0,1,0,0,0,0,0,0,167,15.6,34.5,91,10020,718.1
0,0,0,0,0,0,0,0,0,1,0,0,0,0,0,97,15.6,34.5,91,7760,426.8
0,0,0,0,0,0,0,0,0,0,1,0,0,0,0,97,15.6,34.5,91,5820,669.3
0,0,0,0,0,0,0,0,0,0,0,1,0,0,0,112,15.6,34.5,91,5600,638.4
0,0,0,0,0,0,0,0,0,0,0,0,1,0,0,132,15.6,34.5,91,9240,607.2
0,0,0,0,0,0,0,0,0,0,0,0,0,1,0,78,15.6,34.5,91,3900,592.8
0,0,0,0,0,0,0,0,0,0,0,0,0,0,1,86,15.6,34.5,91,6880,533.2
1,0,0,0,0,0,0,0,0,0,0,0,0,0,0,142,13.8,34.2,89,11360,1249.6
0,1,0,0,0,0,0,0,0,0,0,0,0,0,0,163,13.8,34.2,89,9780,652
0,0,1,0,0,0,0,0,0,0,0,0,0,0,0,122,13.8,34.2,89,7320,536.8
0,0,0,1,0,0,0,0,0,0,0,0,0,0,0,173,13.8,34.2,89,13840,865
0,0,0,0,1,0,0,0,0,0,0,0,0,0,0,97,13.8,34.2,89,5820,582
0,0,0,0,0,1,0,0,0,0,0,0,0,0,0,97,13.8,34.2,89,7760,756.6
0,0,0,0,0,0,1,0,0,0,0,0,0,0,0,125,13.8,34.2,89,10000,1062.5
0,0,0,0,0,0,0,1,0,0,0,0,0,0,0,148,13.8,34.2,89,11840,636.4
0,0,0,0,0,0,0,0,1,0,0,0,0,0,0,98,13.8,34.2,89,5880,392
0,0,0,0,0,0,0,0,0,1,0,0,0,0,0,86,13.8,34.2,89,6880,421.4
0,0,0,0,0,0,0,0,0,0,1,0,0,0,0,113,13.8,34.2,89,6780,666.7
0,0,0,0,0,0,0,0,0,0,0,1,0,0,0,119,13.8,34.2,89,5950,559.3
0,0,0,0,0,0,0,0,0,0,0,0,1,0,0,85,13.8,34.2,89,5950,306
0,0,0,0,0,0,0,0,0,0,0,0,0,1,0,85,13.8,34.2,89,4250,620.5
0,0,0,0,0,0,0,0,0,0,0,0,0,0,1,73,13.8,34.2,89,5840,525.6
1,0,0,0,0,0,0,0,0,0,0,0,0,0,0,87,4.3,34.6,86,6960,661.2
0,1,0,0,0,0,0,0,0,0,0,0,0,0,0,92,4.3,34.6,86,5520,487.6
0,0,1,0,0,0,0,0,0,0,0,0,0,0,0,85,4.3,34.6,86,5100,374
0,0,0,1,0,0,0,0,0,0,0,0,0,0,0,87,4.3,34.6,86,6960,461.1
0,0,0,0,1,0,0,0,0,0,0,0,0,0,0,94,4.3,34.6,86,5640,554.6
0,0,0,0,0,1,0,0,0,0,0,0,0,0,0,82,4.3,34.6,86,6560,598.6
0,0,0,0,0,0,1,0,0,0,0,0,0,0,0,82,4.3,34.6,86,6560,672.4
0,0,0,0,0,0,0,1,0,0,0,0,0,0,0,82,4.3,34.6,86,6560,410
0,0,0,0,0,0,0,0,1,0,0,0,0,0,0,84,4.3,34.6,86,5040,504
0,0,0,0,0,0,0,0,0,1,0,0,0,0,0,86,4.3,34.6,86,6880,369.8
0,0,0,0,0,0,0,0,0,0,1,0,0,0,0,94,4.3,34.6,86,5640,507.6
0,0,0,0,0,0,0,0,0,0,0,1,0,0,0,86,4.3,34.6,86,4300,490.2
0,0,0,0,0,0,0,0,0,0,0,0,1,0,0,94,4.3,34.6,86,6580,432.4
0,0,0,0,0,0,0,0,0,0,0,0,0,1,0,91,4.3,34.6,86,4550,755.3
0,0,0,0,0,0,0,0,0,0,0,0,0,0,1,88,4.3,34.6,86,7040,457.6
1,0,0,0,0,0,0,0,0,0,0,0,0,0,0,35,92.4,35.5,90,2800,259
0,1,0,0,0,0,0,0,0,0,0,0,0,0,0,142,92.4,35.5,90,8520,568
0,0,1,0,0,0,0,0,0,0,0,0,0,0,0,194,92.4,35.5,90,11640,853.6
0,0,0,1,0,0,0,0,0,0,0,0,0,0,0,86,92.4,35.5,90,6880,430
0,0,0,0,1,0,0,0,0,0,0,0,0,0,0,45,92.4,35.5,90,2700,270
0,0,0,0,0,1,0,0,0,0,0,0,0,0,0,79,92.4,35.5,90,6320,616.2
0,0,0,0,0,0,1,0,0,0,0,0,0,0,0,64,92.4,35.5,90,5120,544
0,0,0,0,0,0,0,1,0,0,0,0,0,0,0,87,92.4,35.5,90,6960,374.1
0,0,0,0,0,0,0,0,1,0,0,0,0,0,0,10,92.4,35.5,90,600,40
0,0,0,0,0,0,0,0,0,1,0,0,0,0,0,22,92.4,35.5,90,1760,107.8
0,0,0,0,0,0,0,0,0,0,1,0,0,0,0,73,92.4,35.5,90,4380,430.7
0,0,0,0,0,0,0,0,0,0,0,1,0,0,0,141,92.4,35.5,90,7050,662.7
0,0,0,0,0,0,0,0,0,0,0,0,1,0,0,49,92.4,35.5,90,3430,176.4
0,0,0,0,0,0,0,0,0,0,0,0,0,1,0,129,92.4,35.5,90,6450,941.7
0,0,0,0,0,0,0,0,0,0,0,0,0,0,1,33,92.4,35.5,90,2640,237.6
1,0,0,0,0,0,0,0,0,0,0,0,0,0,0,54,42.7,35.2,90,4320,432
0,1,0,0,0,0,0,0,0,0,0,0,0,0,0,86,42.7,35.2,90,5160,455.8
0,0,1,0,0,0,0,0,0,0,0,0,0,0,0,79,42.7,35.2,90,4740,347.6
0,0,0,1,0,0,0,0,0,0,0,0,0,0,0,142,42.7,35.2,90,11360,752.6
0,0,0,0,1,0,0,0,0,0,0,0,0,0,0,94,42.7,35.2,90,5640,554.6
0,0,0,0,0,1,0,0,0,0,0,0,0,0,0,135,42.7,35.2,90,10800,985.5
0,0,0,0,0,0,1,0,0,0,0,0,0,0,0,117,42.7,35.2,90,9360,959.4
0,0,0,0,0,0,0,1,0,0,0,0,0,0,0,78,42.7,35.2,90,6240,390
0,0,0,0,0,0,0,0,1,0,0,0,0,0,0,108,42.7,35.2,90,6480,648
0,0,0,0,0,0,0,0,0,1,0,0,0,0,0,122,42.7,35.2,90,9760,524.6
0,0,0,0,0,0,0,0,0,0,1,0,0,0,0,95,42.7,35.2,90,5700,513
0,0,0,0,0,0,0,0,0,0,0,1,0,0,0,101,42.7,35.2,90,5050,575.7
0,0,0,0,0,0,0,0,0,0,0,0,1,0,0,32,42.7,35.2,90,2240,147.2
0,0,0,0,0,0,0,0,0,0,0,0,0,1,0,129,42.7,35.2,90,6450,1070.7
0,0,0,0,0,0,0,0,0,0,0,0,0,0,1,133,42.7,35.2,90,10640,691.6
1,0,0,0,0,0,0,0,0,0,0,0,0,0,0,84,13.4,34.6,93,6720,604.8
0,1,0,0,0,0,0,0,0,0,0,0,0,0,0,80,13.4,34.6,93,4800,320
0,0,1,0,0,0,0,0,0,0,0,0,0,0,0,112,13.4,34.6,93,6720,492.8
0,0,0,1,0,0,0,0,0,0,0,0,0,0,0,97,13.4,34.6,93,7760,582
0,0,0,0,1,0,0,0,0,0,0,0,0,0,0,121,13.4,34.6,93,7260,847
0,0,0,0,0,1,0,0,0,0,0,0,0,0,0,85,13.4,34.6,93,6800,578
0,0,0,0,0,0,1,0,0,0,0,0,0,0,0,73,13.4,34.6,93,5840,474.5
0,0,0,0,0,0,0,1,0,0,0,0,0,0,0,64,13.4,34.6,93,5120,288
0,0,0,0,0,0,0,0,1,0,0,0,0,0,0,93,13.4,34.6,93,5580,399.9
0,0,0,0,0,0,0,0,0,1,0,0,0,0,0,134,13.4,34.6,93,10720,589.6
0,0,0,0,0,0,0,0,0,0,1,0,0,0,0,122,13.4,34.6,93,7320,841.8
0,0,0,0,0,0,0,0,0,0,0,1,0,0,0,78,13.4,34.6,93,3900,444.6
0,0,0,0,0,0,0,0,0,0,0,0,1,0,0,56,13.4,34.6,93,3920,257.6
0,0,0,0,0,0,0,0,0,0,0,0,0,1,0,119,13.4,34.6,93,5950,904.4
0,0,0,0,0,0,0,0,0,0,0,0,0,0,1,98,13.4,34.6,93,7840,607.6
1,0,0,0,0,0,0,0,0,0,0,0,0,0,0,73,28.6,34.8,90,5840,438
0,1,0,0,0,0,0,0,0,0,0,0,0,0,0,56,28.6,34.8,90,3360,224
0,0,1,0,0,0,0,0,0,0,0,0,0,0,0,81,28.6,34.8,90,4860,356.4
0,0,0,1,0,0,0,0,0,0,0,0,0,0,0,62,28.6,34.8,90,4960,372
0,0,0,0,1,0,0,0,0,0,0,0,0,0,0,52,28.6,34.8,90,3120,364
0,0,0,0,0,1,0,0,0,0,0,0,0,0,0,91,28.6,34.8,90,7280,618.8
0,0,0,0,0,0,1,0,0,0,0,0,0,0,0,112,28.6,34.8,90,8960,728
0,0,0,0,0,0,0,1,0,0,0,0,0,0,0,57,28.6,34.8,90,4560,256.5
0,0,0,0,0,0,0,0,1,0,0,0,0,0,0,83,28.6,34.8,90,4980,356.9
0,0,0,0,0,0,0,0,0,1,0,0,0,0,0,46,28.6,34.8,90,3680,202.4
0,0,0,0,0,0,0,0,0,0,1,0,0,0,0,97,28.6,34.8,90,5820,669.3
0,0,0,0,0,0,0,0,0,0,0,1,0,0,0,57,28.6,34.8,90,2850,324.9
0,0,0,0,0,0,0,0,0,0,0,0,1,0,0,68,28.6,34.8,90,4760,312.8
0,0,0,0,0,0,0,0,0,0,0,0,0,1,0,68,28.6,34.8,90,3400,516.8
0,0,0,0,0,0,0,0,0,0,0,0,0,0,1,119,28.6,34.8,90,9520,737.8
1,0,0,0,0,0,0,0,0,0,0,0,0,0,0,87,39,35.6,91,6960,591.6
0,1,0,0,0,0,0,0,0,0,0,0,0,0,0,87,39,35.6,91,5220,461.1
0,0,1,0,0,0,0,0,0,0,0,0,0,0,0,62,39,35.6,91,3720,272.8
0,0,0,1,0,0,0,0,0,0,0,0,0,0,0,91,39,35.6,91,7280,482.3
0,0,0,0,1,0,0,0,0,0,0,0,0,0,0,92,39,35.6,91,5520,542.8
0,0,0,0,0,1,0,0,0,0,0,0,0,0,0,73,39,35.6,91,5840,532.9
0,0,0,0,0,0,1,0,0,0,0,0,0,0,0,73,39,35.6,91,5840,598.6
0,0,0,0,0,0,0,1,0,0,0,0,0,0,0,81,39,35.6,91,6480,405
0,0,0,0,0,0,0,0,1,0,0,0,0,0,0,81,39,35.6,91,4860,486
0,0,0,0,0,0,0,0,0,1,0,0,0,0,0,81,39,35.6,91,6480,348.3
0,0,0,0,0,0,0,0,0,0,1,0,0,0,0,114,39,35.6,91,6840,615.6
0,0,0,0,0,0,0,0,0,0,0,1,0,0,0,91,39,35.6,91,4550,518.7
0,0,0,0,0,0,0,0,0,0,0,0,1,0,0,91,39,35.6,91,6370,418.6
0,0,0,0,0,0,0,0,0,0,0,0,0,1,0,63,39,35.6,91,3150,522.9
0,0,0,0,0,0,0,0,0,0,0,0,0,0,1,59,39,35.6,91,4720,306.8
1,0,0,0,0,0,0,0,0,0,0,0,0,0,0,94,59.9,34,83,7520,564
0,1,0,0,0,0,0,0,0,0,0,0,0,0,0,82,59.9,34,83,4920,352.6
0,0,1,0,0,0,0,0,0,0,0,0,0,0,0,82,59.9,34,83,4920,369
0,0,0,1,0,0,0,0,0,0,0,0,0,0,0,82,59.9,34,83,6560,459.2
0,0,0,0,1,0,0,0,0,0,0,0,0,0,0,84,59.9,34,83,5040,562.8
0,0,0,0,0,1,0,0,0,0,0,0,0,0,0,86,59.9,34,83,6880,645
0,0,0,0,0,0,1,0,0,0,0,0,0,0,0,94,59.9,34,83,7520,761.4
0,0,0,0,0,0,0,1,0,0,0,0,0,0,0,86,59.9,34,83,6880,421.4
0,0,0,0,0,0,0,0,1,0,0,0,0,0,0,94,59.9,34,83,5640,432.4
0,0,0,0,0,0,0,0,0,1,0,0,0,0,0,91,59.9,34,83,7280,409.5
0,0,0,0,0,0,0,0,0,0,1,0,0,0,0,88,59.9,34,83,5280,466.4
0,0,0,0,0,0,0,0,0,0,0,1,0,0,0,88,59.9,34,83,4400,404.8
0,0,0,0,0,0,0,0,0,0,0,0,1,0,0,89,59.9,34,83,6230,347.1
0,0,0,0,0,0,0,0,0,0,0,0,0,1,0,88,59.9,34,83,4400,686.4
0,0,0,0,0,0,0,0,0,0,0,0,0,0,1,92,59.9,34,83,7360,708.4
1,0,0,0,0,0,0,0,0,0,0,0,0,0,0,116,15.6,34.7,92,9280,928
0,1,0,0,0,0,0,0,0,0,0,0,0,0,0,97,15.6,34.7,92,5820,388
0,0,1,0,0,0,0,0,0,0,0,0,0,0,0,67,15.6,34.7,92,4020,294.8
0,0,0,1,0,0,0,0,0,0,0,0,0,0,0,98,15.6,34.7,92,7840,490
0,0,0,0,1,0,0,0,0,0,0,0,0,0,0,128,15.6,34.7,92,7680,768
0,0,0,0,0,1,0,0,0,0,0,0,0,0,0,165,15.6,34.7,92,13200,1287
0,0,0,0,0,0,1,0,0,0,0,0,0,0,0,79,15.6,34.7,92,6320,671.5
0,0,0,0,0,0,0,1,0,0,0,0,0,0,0,79,15.6,34.7,92,6320,339.7
0,0,0,0,0,0,0,0,1,0,0,0,0,0,0,85,15.6,34.7,92,5100,340
0,0,0,0,0,0,0,0,0,1,0,0,0,0,0,98,15.6,34.7,92,7840,480.2
0,0,0,0,0,0,0,0,0,0,1,0,0,0,0,73,15.6,34.7,92,4380,430.7
0,0,0,0,0,0,0,0,0,0,0,1,0,0,0,132,15.6,34.7,92,6600,620.4
0,0,0,0,0,0,0,0,0,0,0,0,1,0,0,122,15.6,34.7,92,8540,439.2
0,0,0,0,0,0,0,0,0,0,0,0,0,1,0,98,15.6,34.7,92,4900,715.4
0,0,0,0,0,0,0,0,0,0,0,0,0,0,1,68,15.6,34.7,92,5440,489.6
1,0,0,0,0,0,0,0,0,0,0,0,0,0,0,88,4.5,34.6,83,7040,572
0,1,0,0,0,0,0,0,0,0,0,0,0,0,0,96,4.5,34.6,83,5760,384
0,0,1,0,0,0,0,0,0,0,0,0,0,0,0,91,4.5,34.6,83,5460,400.4
0,0,0,1,0,0,0,0,0,0,0,0,0,0,0,89,4.5,34.6,83,7120,445
0,0,0,0,1,0,0,0,0,0,0,0,0,0,0,84,4.5,34.6,83,5040,504
0,0,0,0,0,1,0,0,0,0,0,0,0,0,0,90,4.5,34.6,83,7200,702
0,0,0,0,0,0,1,0,0,0,0,0,0,0,0,92,4.5,34.6,83,7360,782
0,0,0,0,0,0,0,1,0,0,0,0,0,0,0,93,4.5,34.6,83,7440,399.9
0,0,0,0,0,0,0,0,1,0,0,0,0,0,0,90,4.5,34.6,83,5400,360
0,0,0,0,0,0,0,0,0,1,0,0,0,0,0,91,4.5,34.6,83,7280,445.9
0,0,0,0,0,0,0,0,0,0,1,0,0,0,0,87,4.5,34.6,83,5220,513.3
0,0,0,0,0,0,0,0,0,0,0,1,0,0,0,92,4.5,34.6,83,4600,432.4
0,0,0,0,0,0,0,0,0,0,0,0,1,0,0,85,4.5,34.6,83,5950,306
0,0,0,0,0,0,0,0,0,0,0,0,0,1,0,87,4.5,34.6,83,4350,635.1
0,0,0,0,0,0,0,0,0,0,0,0,0,0,1,94,4.5,34.6,83,7520,676.8
1,0,0,0,0,0,0,0,0,0,0,0,0,0,0,93,11.2,35.3,86,7440,725.4
0,1,0,0,0,0,0,0,0,0,0,0,0,0,0,90,11.2,35.3,86,5400,477
0,0,1,0,0,0,0,0,0,0,0,0,0,0,0,88,11.2,35.3,86,5280,387.2
0,0,0,1,0,0,0,0,0,0,0,0,0,0,0,92,11.2,35.3,86,7360,487.6
0,0,0,0,1,0,0,0,0,0,0,0,0,0,0,90,11.2,35.3,86,5400,531
0,0,0,0,0,1,0,0,0,0,0,0,0,0,0,91,11.2,35.3,86,7280,664.3
0,0,0,0,0,0,1,0,0,0,0,0,0,0,0,93,11.2,35.3,86,7440,762.6
0,0,0,0,0,0,0,1,0,0,0,0,0,0,0,93,11.2,35.3,86,7440,465
0,0,0,0,0,0,0,0,1,0,0,0,0,0,0,86,11.2,35.3,86,5160,516
0,0,0,0,0,0,0,0,0,1,0,0,0,0,0,90,11.2,35.3,86,7200,387
0,0,0,0,0,0,0,0,0,0,1,0,0,0,0,86,11.2,35.3,86,5160,464.4
0,0,0,0,0,0,0,0,0,0,0,1,0,0,0,91,11.2,35.3,86,4550,518.7
0,0,0,0,0,0,0,0,0,0,0,0,1,0,0,92,11.2,35.3,86,6440,423.2
0,0,0,0,0,0,0,0,0,0,0,0,0,1,0,92,11.2,35.3,86,4600,763.6
0,0,0,0,0,0,0,0,0,0,0,0,0,0,1,91,11.2,35.3,86,7280,473.2
1,0,0,0,0,0,0,0,0,0,0,0,0,0,0,93,24.4,34.6,94,7440,818.4
0,1,0,0,0,0,0,0,0,0,0,0,0,0,0,90,24.4,34.6,94,5400,360
0,0,1,0,0,0,0,0,0,0,0,0,0,0,0,88,24.4,34.6,94,5280,387.2
0,0,0,1,0,0,0,0,0,0,0,0,0,0,0,92,24.4,34.6,94,7360,460
0,0,0,0,1,0,0,0,0,0,0,0,0,0,0,90,24.4,34.6,94,5400,540
0,0,0,0,0,1,0,0,0,0,0,0,0,0,0,91,24.4,34.6,94,7280,709.8
0,0,0,0,0,0,1,0,0,0,0,0,0,0,0,93,24.4,34.6,94,7440,790.5
0,0,0,0,0,0,0,1,0,0,0,0,0,0,0,93,24.4,34.6,94,7440,399.9
0,0,0,0,0,0,0,0,1,0,0,0,0,0,0,86,24.4,34.6,94,5160,344
0,0,0,0,0,0,0,0,0,1,0,0,0,0,0,90,24.4,34.6,94,7200,441
0,0,0,0,0,0,0,0,0,0,1,0,0,0,0,86,24.4,34.6,94,5160,507.4
0,0,0,0,0,0,0,0,0,0,0,1,0,0,0,91,24.4,34.6,94,4550,427.7
0,0,0,0,0,0,0,0,0,0,0,0,1,0,0,92,24.4,34.6,94,6440,331.2
0,0,0,0,0,0,0,0,0,0,0,0,0,1,0,92,24.4,34.6,94,4600,671.6
0,0,0,0,0,0,0,0,0,0,0,0,0,0,1,91,24.4,34.6,94,7280,655.2
1,0,0,0,0,0,0,0,0,0,0,0,0,0,0,132,13.9,34.2,81,10560,1003.2
0,1,0,0,0,0,0,0,0,0,0,0,0,0,0,97,13.9,34.2,81,5820,514.1
0,0,1,0,0,0,0,0,0,0,0,0,0,0,0,154,13.9,34.2,81,9240,677.6
0,0,0,1,0,0,0,0,0,0,0,0,0,0,0,132,13.9,34.2,81,10560,699.6
0,0,0,0,1,0,0,0,0,0,0,0,0,0,0,99,13.9,34.2,81,5940,584.1
0,0,0,0,0,1,0,0,0,0,0,0,0,0,0,98,13.9,34.2,81,7840,715.4
0,0,0,0,0,0,1,0,0,0,0,0,0,0,0,122,13.9,34.2,81,9760,1000.4
0,0,0,0,0,0,0,1,0,0,0,0,0,0,0,143,13.9,34.2,81,11440,715
0,0,0,0,0,0,0,0,1,0,0,0,0,0,0,167,13.9,34.2,81,10020,1002
0,0,0,0,0,0,0,0,0,1,0,0,0,0,0,97,13.9,34.2,81,7760,417.1
0,0,0,0,0,0,0,0,0,0,1,0,0,0,0,97,13.9,34.2,81,5820,523.8
0,0,0,0,0,0,0,0,0,0,0,1,0,0,0,112,13.9,34.2,81,5600,638.4
0,0,0,0,0,0,0,0,0,0,0,0,1,0,0,132,13.9,34.2,81,9240,607.2
0,0,0,0,0,0,0,0,0,0,0,0,0,1,0,78,13.9,34.2,81,3900,647.4
0,0,0,0,0,0,0,0,0,0,0,0,0,0,1,86,13.9,34.2,81,6880,447.2
1,0,0,0,0,0,0,0,0,0,0,0,0,0,0,142,31.8,35.2,80,11360,1050.8
0,1,0,0,0,0,0,0,0,0,0,0,0,0,0,163,31.8,35.2,80,9780,652
0,0,1,0,0,0,0,0,0,0,0,0,0,0,0,122,31.8,35.2,80,7320,536.8
0,0,0,1,0,0,0,0,0,0,0,0,0,0,0,173,31.8,35.2,80,13840,865
0,0,0,0,1,0,0,0,0,0,0,0,0,0,0,97,31.8,35.2,80,5820,582
0,0,0,0,0,1,0,0,0,0,0,0,0,0,0,97,31.8,35.2,80,7760,756.6
0,0,0,0,0,0,1,0,0,0,0,0,0,0,0,125,31.8,35.2,80,10000,1062.5
0,0,0,0,0,0,0,1,0,0,0,0,0,0,0,148,31.8,35.2,80,11840,636.4
0,0,0,0,0,0,0,0,1,0,0,0,0,0,0,98,31.8,35.2,80,5880,392
0,0,0,0,0,0,0,0,0,1,0,0,0,0,0,86,31.8,35.2,80,6880,421.4
0,0,0,0,0,0,0,0,0,0,1,0,0,0,0,113,31.8,35.2,80,6780,666.7
0,0,0,0,0,0,0,0,0,0,0,1,0,0,0,119,31.8,35.2,80,5950,559.3
0,0,0,0,0,0,0,0,0,0,0,0,1,0,0,85,31.8,35.2,80,5950,306
0,0,0,0,0,0,0,0,0,0,0,0,0,1,0,85,31.8,35.2,80,4250,620.5
0,0,0,0,0,0,0,0,0,0,0,0,0,0,1,73,31.8,35.2,80,5840,525.6
1,0,0,0,0,0,0,0,0,0,0,0,0,0,0,87,14.6,34.6,82,6960,696
0,1,0,0,0,0,0,0,0,0,0,0,0,0,0,92,14.6,34.6,82,5520,487.6
0,0,1,0,0,0,0,0,0,0,0,0,0,0,0,85,14.6,34.6,82,5100,374
0,0,0,1,0,0,0,0,0,0,0,0,0,0,0,87,14.6,34.6,82,6960,461.1
0,0,0,0,1,0,0,0,0,0,0,0,0,0,0,94,14.6,34.6,82,5640,554.6
0,0,0,0,0,1,0,0,0,0,0,0,0,0,0,82,14.6,34.6,82,6560,598.6
0,0,0,0,0,0,1,0,0,0,0,0,0,0,0,82,14.6,34.6,82,6560,672.4
0,0,0,0,0,0,0,1,0,0,0,0,0,0,0,82,14.6,34.6,82,6560,410
0,0,0,0,0,0,0,0,1,0,0,0,0,0,0,84,14.6,34.6,82,5040,504
0,0,0,0,0,0,0,0,0,1,0,0,0,0,0,86,14.6,34.6,82,6880,369.8
0,0,0,0,0,0,0,0,0,0,1,0,0,0,0,94,14.6,34.6,82,5640,507.6
0,0,0,0,0,0,0,0,0,0,0,1,0,0,0,86,14.6,34.6,82,4300,490.2
0,0,0,0,0,0,0,0,0,0,0,0,1,0,0,94,14.6,34.6,82,6580,432.4
0,0,0,0,0,0,0,0,0,0,0,0,0,1,0,91,14.6,34.6,82,4550,755.3
0,0,0,0,0,0,0,0,0,0,0,0,0,0,1,88,14.6,34.6,82,7040,457.6
1,0,0,0,0,0,0,0,0,0,0,0,0,0,0,35,1.4,36.6,81,2800,252
0,1,0,0,0,0,0,0,0,0,0,0,0,0,0,142,1.4,36.6,81,8520,568
0,0,1,0,0,0,0,0,0,0,0,0,0,0,0,194,1.4,36.6,81,11640,853.6
0,0,0,1,0,0,0,0,0,0,0,0,0,0,0,86,1.4,36.6,81,6880,516
0,0,0,0,1,0,0,0,0,0,0,0,0,0,0,45,1.4,36.6,81,2700,315
0,0,0,0,0,1,0,0,0,0,0,0,0,0,0,79,1.4,36.6,81,6320,537.2
0,0,0,0,0,0,1,0,0,0,0,0,0,0,0,64,1.4,36.6,81,5120,416
0,0,0,0,0,0,0,1,0,0,0,0,0,0,0,87,1.4,36.6,81,6960,391.5
0,0,0,0,0,0,0,0,1,0,0,0,0,0,0,10,1.4,36.6,81,600,43
0,0,0,0,0,0,0,0,0,1,0,0,0,0,0,22,1.4,36.6,81,1760,96.8
0,0,0,0,0,0,0,0,0,0,1,0,0,0,0,73,1.4,36.6,81,4380,503.7
0,0,0,0,0,0,0,0,0,0,0,1,0,0,0,141,1.4,36.6,81,7050,803.7
0,0,0,0,0,0,0,0,0,0,0,0,1,0,0,49,1.4,36.6,81,3430,225.4
0,0,0,0,0,0,0,0,0,0,0,0,0,1,0,129,1.4,36.6,81,6450,980.4
0,0,0,0,0,0,0,0,0,0,0,0,0,0,1,33,1.4,36.6,81,2640,204.6
1,0,0,0,0,0,0,0,0,0,0,0,0,0,0,54,26.4,36.7,86,4320,324
0,1,0,0,0,0,0,0,0,0,0,0,0,0,0,86,26.4,36.7,86,5160,344
0,0,1,0,0,0,0,0,0,0,0,0,0,0,0,79,26.4,36.7,86,4740,347.6
0,0,0,1,0,0,0,0,0,0,0,0,0,0,0,142,26.4,36.7,86,11360,852
0,0,0,0,1,0,0,0,0,0,0,0,0,0,0,94,26.4,36.7,86,5640,658
0,0,0,0,0,1,0,0,0,0,0,0,0,0,0,135,26.4,36.7,86,10800,918
0,0,0,0,0,0,1,0,0,0,0,0,0,0,0,117,26.4,36.7,86,9360,760.5
0,0,0,0,0,0,0,1,0,0,0,0,0,0,0,78,26.4,36.7,86,6240,351
0,0,0,0,0,0,0,0,1,0,0,0,0,0,0,108,26.4,36.7,86,6480,464.4
0,0,0,0,0,0,0,0,0,1,0,0,0,0,0,122,26.4,36.7,86,9760,536.8
0,0,0,0,0,0,0,0,0,0,1,0,0,0,0,95,26.4,36.7,86,5700,655.5
0,0,0,0,0,0,0,0,0,0,0,1,0,0,0,101,26.4,36.7,86,5050,575.7
0,0,0,0,0,0,0,0,0,0,0,0,1,0,0,32,26.4,36.7,86,2240,147.2
0,0,0,0,0,0,0,0,0,0,0,0,0,1,0,129,26.4,36.7,86,6450,980.4
0,0,0,0,0,0,0,0,0,0,0,0,0,0,1,133,26.4,36.7,86,10640,824.6
1,0,0,0,0,0,0,0,0,0,0,0,0,0,0,84,39.5,34.8,94,6720,571.2
0,1,0,0,0,0,0,0,0,0,0,0,0,0,0,80,39.5,34.8,94,4800,424
0,0,1,0,0,0,0,0,0,0,0,0,0,0,0,112,39.5,34.8,94,6720,492.8
0,0,0,1,0,0,0,0,0,0,0,0,0,0,0,97,39.5,34.8,94,7760,514.1
0,0,0,0,1,0,0,0,0,0,0,0,0,0,0,121,39.5,34.8,94,7260,713.9
0,0,0,0,0,1,0,0,0,0,0,0,0,0,0,85,39.5,34.8,94,6800,620.5
0,0,0,0,0,0,1,0,0,0,0,0,0,0,0,73,39.5,34.8,94,5840,598.6
0,0,0,0,0,0,0,1,0,0,0,0,0,0,0,64,39.5,34.8,94,5120,320
0,0,0,0,0,0,0,0,1,0,0,0,0,0,0,93,39.5,34.8,94,5580,558
0,0,0,0,0,0,0,0,0,1,0,0,0,0,0,134,39.5,34.8,94,10720,576.2
0,0,0,0,0,0,0,0,0,0,1,0,0,0,0,122,39.5,34.8,94,7320,658.8
0,0,0,0,0,0,0,0,0,0,0,1,0,0,0,78,39.5,34.8,94,3900,444.6
0,0,0,0,0,0,0,0,0,0,0,0,1,0,0,56,39.5,34.8,94,3920,257.6
0,0,0,0,0,0,0,0,0,0,0,0,0,1,0,119,39.5,34.8,94,5950,987.7
0,0,0,0,0,0,0,0,0,0,0,0,0,0,1,98,39.5,34.8,94,7840,509.6
1,0,0,0,0,0,0,0,0,0,0,0,0,0,0,73,16.4,34.9,86,5840,438
0,1,0,0,0,0,0,0,0,0,0,0,0,0,0,56,16.4,34.9,86,3360,240.8
0,0,1,0,0,0,0,0,0,0,0,0,0,0,0,81,16.4,34.9,86,4860,364.5
0,0,0,1,0,0,0,0,0,0,0,0,0,0,0,62,16.4,34.9,86,4960,347.2
0,0,0,0,1,0,0,0,0,0,0,0,0,0,0,52,16.4,34.9,86,3120,348.4
0,0,0,0,0,1,0,0,0,0,0,0,0,0,0,91,16.4,34.9,86,7280,682.5
0,0,0,0,0,0,1,0,0,0,0,0,0,0,0,112,16.4,34.9,86,8960,907.2
0,0,0,0,0,0,0,1,0,0,0,0,0,0,0,57,16.4,34.9,86,4560,279.3
0,0,0,0,0,0,0,0,1,0,0,0,0,0,0,83,16.4,34.9,86,4980,381.8
0,0,0,0,0,0,0,0,0,1,0,0,0,0,0,46,16.4,34.9,86,3680,207
0,0,0,0,0,0,0,0,0,0,1,0,0,0,0,97,16.4,34.9,86,5820,514.1
0,0,0,0,0,0,0,0,0,0,0,1,0,0,0,57,16.4,34.9,86,2850,262.2
0,0,0,0,0,0,0,0,0,0,0,0,1,0,0,68,16.4,34.9,86,4760,265.2
0,0,0,0,0,0,0,0,0,0,0,0,0,1,0,68,16.4,34.9,86,3400,530.4
0,0,0,0,0,0,0,0,0,0,0,0,0,0,1,119,16.4,34.9,86,9520,916.3
1,0,0,0,0,0,0,0,0,0,0,0,0,0,0,87,124.2,34.2,94,6960,696
0,1,0,0,0,0,0,0,0,0,0,0,0,0,0,87,124.2,34.2,94,5220,348
0,0,1,0,0,0,0,0,0,0,0,0,0,0,0,62,124.2,34.2,94,3720,272.8
0,0,0,1,0,0,0,0,0,0,0,0,0,0,0,91,124.2,34.2,94,7280,455
0,0,0,0,1,0,0,0,0,0,0,0,0,0,0,92,124.2,34.2,94,5520,552
0,0,0,0,0,1,0,0,0,0,0,0,0,0,0,73,124.2,34.2,94,5840,569.4
0,0,0,0,0,0,1,0,0,0,0,0,0,0,0,73,124.2,34.2,94,5840,620.5
0,0,0,0,0,0,0,1,0,0,0,0,0,0,0,81,124.2,34.2,94,6480,348.3
0,0,0,0,0,0,0,0,1,0,0,0,0,0,0,81,124.2,34.2,94,4860,324
0,0,0,0,0,0,0,0,0,1,0,0,0,0,0,81,124.2,34.2,94,6480,396.9
0,0,0,0,0,0,0,0,0,0,1,0,0,0,0,114,124.2,34.2,94,6840,672.6
0,0,0,0,0,0,0,0,0,0,0,1,0,0,0,91,124.2,34.2,94,4550,427.7
0,0,0,0,0,0,0,0,0,0,0,0,1,0,0,91,124.2,34.2,94,6370,327.6
0,0,0,0,0,0,0,0,0,0,0,0,0,1,0,63,124.2,34.2,94,3150,459.9
0,0,0,0,0,0,0,0,0,0,0,0,0,0,1,59,124.2,34.2,94,4720,424.8
1,0,0,0,0,0,0,0,0,0,0,0,0,0,0,94,32.4,35.6,86,7520,611
0,1,0,0,0,0,0,0,0,0,0,0,0,0,0,82,32.4,35.6,86,4920,328
0,0,1,0,0,0,0,0,0,0,0,0,0,0,0,82,32.4,35.6,86,4920,360.8
0,0,0,1,0,0,0,0,0,0,0,0,0,0,0,82,32.4,35.6,86,6560,410
0,0,0,0,1,0,0,0,0,0,0,0,0,0,0,84,32.4,35.6,86,5040,504
0,0,0,0,0,1,0,0,0,0,0,0,0,0,0,86,32.4,35.6,86,6880,670.8
0,0,0,0,0,0,1,0,0,0,0,0,0,0,0,94,32.4,35.6,86,7520,799
0,0,0,0,0,0,0,1,0,0,0,0,0,0,0,86,32.4,35.6,86,6880,369.8
0,0,0,0,0,0,0,0,1,0,0,0,0,0,0,94,32.4,35.6,86,5640,376
0,0,0,0,0,0,0,0,0,1,0,0,0,0,0,91,32.4,35.6,86,7280,445.9
0,0,0,0,0,0,0,0,0,0,1,0,0,0,0,88,32.4,35.6,86,5280,519.2
0,0,0,0,0,0,0,0,0,0,0,1,0,0,0,88,32.4,35.6,86,4400,413.6
0,0,0,0,0,0,0,0,0,0,0,0,1,0,0,89,32.4,35.6,86,6230,320.4
0,0,0,0,0,0,0,0,0,0,0,0,0,1,0,88,32.4,35.6,86,4400,642.4
0,0,0,0,0,0,0,0,0,0,0,0,0,0,1,92,32.4,35.6,86,7360,662.4
1,0,0,0,0,0,0,0,0,0,0,0,0,0,0,116,8.3,35.5,88,9280,904.8
0,1,0,0,0,0,0,0,0,0,0,0,0,0,0,97,8.3,35.5,88,5820,514.1
0,0,1,0,0,0,0,0,0,0,0,0,0,0,0,67,8.3,35.5,88,4020,294.8
0,0,0,1,0,0,0,0,0,0,0,0,0,0,0,98,8.3,35.5,88,7840,519.4
0,0,0,0,1,0,0,0,0,0,0,0,0,0,0,128,8.3,35.5,88,7680,755.2
0,0,0,0,0,1,0,0,0,0,0,0,0,0,0,165,8.3,35.5,88,13200,1204.5
0,0,0,0,0,0,1,0,0,0,0,0,0,0,0,79,8.3,35.5,88,6320,647.8
0,0,0,0,0,0,0,1,0,0,0,0,0,0,0,79,8.3,35.5,88,6320,395
0,0,0,0,0,0,0,0,1,0,0,0,0,0,0,85,8.3,35.5,88,5100,510
0,0,0,0,0,0,0,0,0,1,0,0,0,0,0,98,8.3,35.5,88,7840,421.4
0,0,0,0,0,0,0,0,0,0,1,0,0,0,0,73,8.3,35.5,88,4380,394.2
0,0,0,0,0,0,0,0,0,0,0,1,0,0,0,132,8.3,35.5,88,6600,752.4
0,0,0,0,0,0,0,0,0,0,0,0,1,0,0,122,8.3,35.5,88,8540,561.2
0,0,0,0,0,0,0,0,0,0,0,0,0,1,0,98,8.3,35.5,88,4900,813.4
0,0,0,0,0,0,0,0,0,0,0,0,0,0,1,68,8.3,35.5,88,5440,353.6
1,0,0,0,0,0,0,0,0,0,0,0,0,0,0,88,37.8,35,88,7040,739.2
0,1,0,0,0,0,0,0,0,0,0,0,0,0,0,96,37.8,35,88,5760,384
0,0,1,0,0,0,0,0,0,0,0,0,0,0,0,91,37.8,35,88,5460,400.4
0,0,0,1,0,0,0,0,0,0,0,0,0,0,0,89,37.8,35,88,7120,534
0,0,0,0,1,0,0,0,0,0,0,0,0,0,0,84,37.8,35,88,5040,588
0,0,0,0,0,1,0,0,0,0,0,0,0,0,0,90,37.8,35,88,7200,612
0,0,0,0,0,0,1,0,0,0,0,0,0,0,0,92,37.8,35,88,7360,598
0,0,0,0,0,0,0,1,0,0,0,0,0,0,0,93,37.8,35,88,7440,418.5
0,0,0,0,0,0,0,0,1,0,0,0,0,0,0,90,37.8,35,88,5400,387
0,0,0,0,0,0,0,0,0,1,0,0,0,0,0,91,37.8,35,88,7280,400.4
0,0,0,0,0,0,0,0,0,0,1,0,0,0,0,87,37.8,35,88,5220,600.3
0,0,0,0,0,0,0,0,0,0,0,1,0,0,0,92,37.8,35,88,4600,524.4
0,0,0,0,0,0,0,0,0,0,0,0,1,0,0,85,37.8,35,88,5950,391
0,0,0,0,0,0,0,0,0,0,0,0,0,1,0,87,37.8,35,88,4350,661.2
0,0,0,0,0,0,0,0,0,0,0,0,0,0,1,94,37.8,35,88,7520,582.8
